[2m2026-04-08T14:02:57.484807Z[0m [34mDEBUG[0m [2mniri::niri[0m[2m:[0m putting output DP-1 at x=0 y=0
[2m2026-04-08T14:02:57.484870Z[0m [32m INFO[0m [2mniri[0m[2m:[0m listening on Wayland socket: wayland-1
[2m2026-04-08T14:02:57.484876Z[0m [32m INFO[0m [2mniri[0m[2m:[0m IPC listening on: /run/user/1000/niri.wayland-1.3089.sock
[2m2026-04-08T14:02:57.495802Z[0m [32m INFO[0m [2mniri[0m[2m:[0m listening on X11 socket: :0
[2m2026-04-08T14:02:57.499605Z[0m [33m WARN[0m [2mniri::dbus::freedesktop_locale1[0m[2m:[0m error receiving initial properties: ServiceUnknown("The name org.freedesktop.locale1 was not provided by any .service files")
dbus-daemon[3088]: [session uid=1000 pid=3088 pidfd=5] Activating service name='org.gtk.vfs.Daemon' requested by ':1.1' (uid=1000 pid=3314 comm="wireplumber")
dbus-daemon[3088]: [session uid=1000 pid=3088 pidfd=5] Successfully activated service 'org.gtk.vfs.Daemon'
fusermount3: failed to access mountpoint /run/user/1000/gvfs: Permission denied
dbus-daemon[3088]: [session uid=1000 pid=3088 pidfd=5] Activating service name='org.a11y.Bus' requested by ':1.6' (uid=1000 pid=3328 comm="nm-applet --indicator")
dbus-daemon[3088]: [session uid=1000 pid=3088 pidfd=5] Successfully activated service 'org.a11y.Bus'
dbus-daemon[3088]: [session uid=1000 pid=3088 pidfd=5] Activating service name='org.freedesktop.portal.Desktop' requested by ':1.9' (uid=1000 pid=3331 comm="openrgb --startminimized")
dbus-daemon[3371]: Activating service name='org.a11y.atspi.Registry' requested by ':1.1' (uid=1000 pid=3317 comm="/usr/libexec/polkit-gnome-authentication-agent-1")
dbus-daemon[3088]: [session uid=1000 pid=3088 pidfd=5] Activating service name='org.freedesktop.impl.portal.PermissionStore' requested by ':1.13' (uid=1000 pid=3389 comm="/usr/libexec/xdg-desktop-portal")
dbus-daemon[3088]: [session uid=1000 pid=3088 pidfd=5] Successfully activated service 'org.freedesktop.impl.portal.PermissionStore'
dbus-daemon[3088]: [session uid=1000 pid=3088 pidfd=5] Activating service name='org.freedesktop.portal.Documents' requested by ':1.13' (uid=1000 pid=3389 comm="/usr/libexec/xdg-desktop-portal")
dbus-daemon[3371]: Successfully activated service 'org.a11y.atspi.Registry'
SpiRegistry daemon is running with well-known name - org.a11y.atspi.Registry
dbus-daemon[3088]: [session uid=1000 pid=3088 pidfd=5] Successfully activated service 'org.freedesktop.portal.Documents'
dbus-daemon[3088]: [session uid=1000 pid=3088 pidfd=5] Activating service name='org.freedesktop.impl.portal.desktop.gtk' requested by ':1.13' (uid=1000 pid=3389 comm="/usr/libexec/xdg-desktop-portal")

(xdg-desktop-portal-gtk:3460): Gtk-WARNING **: 10:02:57.705: cannot open display: 
dbus-daemon[3088]: [session uid=1000 pid=3088 pidfd=5] Activated service 'org.freedesktop.impl.portal.desktop.gtk' failed: Process org.freedesktop.impl.portal.desktop.gtk exited with status 1

(/usr/libexec/xdg-desktop-portal:3389): xdg-desktop-portal-WARNING **: 10:02:57.707: Failed to create settings proxy: Error al llamar StartSereviceByName para org.freedesktop.impl.portal.desktop.gtk: Process org.freedesktop.impl.portal.desktop.gtk exited with status 1

(/usr/libexec/xdg-desktop-portal:3389): xdg-desktop-portal-WARNING **: 10:02:57.707: No skeleton to export
dbus-daemon[3088]: [session uid=1000 pid=3088 pidfd=5] Activating service name='org.freedesktop.impl.portal.desktop.gtk' requested by ':1.13' (uid=1000 pid=3389 comm="/usr/libexec/xdg-desktop-portal")

(xdg-desktop-portal-gtk:3472): Gtk-WARNING **: 10:02:57.716: cannot open display: 
dbus-daemon[3088]: [session uid=1000 pid=3088 pidfd=5] Activated service 'org.freedesktop.impl.portal.desktop.gtk' failed: Process org.freedesktop.impl.portal.desktop.gtk exited with status 1

(/usr/libexec/xdg-desktop-portal:3389): xdg-desktop-portal-WARNING **: 10:02:57.717: Failed to create file chooser proxy: Error al llamar StartSereviceByName para org.freedesktop.impl.portal.desktop.gtk: Process org.freedesktop.impl.portal.desktop.gtk exited with status 1

(/usr/libexec/xdg-desktop-portal:3389): xdg-desktop-portal-WARNING **: 10:02:57.717: No skeleton to export
dbus-daemon[3088]: [session uid=1000 pid=3088 pidfd=5] Activating service name='org.freedesktop.impl.portal.desktop.gtk' requested by ':1.13' (uid=1000 pid=3389 comm="/usr/libexec/xdg-desktop-portal")

(xdg-desktop-portal-gtk:3475): Gtk-WARNING **: 10:02:57.725: cannot open display: 
dbus-daemon[3088]: [session uid=1000 pid=3088 pidfd=5] Activated service 'org.freedesktop.impl.portal.desktop.gtk' failed: Process org.freedesktop.impl.portal.desktop.gtk exited with status 1

(/usr/libexec/xdg-desktop-portal:3389): xdg-desktop-portal-WARNING **: 10:02:57.727: Failed to create app chooser proxy: Error al llamar StartSereviceByName para org.freedesktop.impl.portal.desktop.gtk: Process org.freedesktop.impl.portal.desktop.gtk exited with status 1

(/usr/libexec/xdg-desktop-portal:3389): xdg-desktop-portal-WARNING **: 10:02:57.727: No skeleton to export
dbus-daemon[3088]: [session uid=1000 pid=3088 pidfd=5] Activating service name='org.freedesktop.impl.portal.desktop.gtk' requested by ':1.13' (uid=1000 pid=3389 comm="/usr/libexec/xdg-desktop-portal")

(xdg-desktop-portal-gtk:3478): Gtk-WARNING **: 10:02:57.734: cannot open display: 
dbus-daemon[3088]: [session uid=1000 pid=3088 pidfd=5] Activated service 'org.freedesktop.impl.portal.desktop.gtk' failed: Process org.freedesktop.impl.portal.desktop.gtk exited with status 1

(/usr/libexec/xdg-desktop-portal:3389): xdg-desktop-portal-WARNING **: 10:02:57.736: Failed to create print proxy: Error al llamar StartSereviceByName para org.freedesktop.impl.portal.desktop.gtk: Process org.freedesktop.impl.portal.desktop.gtk exited with status 1

(/usr/libexec/xdg-desktop-portal:3389): xdg-desktop-portal-WARNING **: 10:02:57.736: No skeleton to export
dbus-daemon[3088]: [session uid=1000 pid=3088 pidfd=5] Activating service name='org.freedesktop.impl.portal.desktop.gtk' requested by ':1.13' (uid=1000 pid=3389 comm="/usr/libexec/xdg-desktop-portal")

(xdg-desktop-portal-gtk:3482): Gtk-WARNING **: 10:02:57.745: cannot open display: 
dbus-daemon[3088]: [session uid=1000 pid=3088 pidfd=5] Activated service 'org.freedesktop.impl.portal.desktop.gtk' failed: Process org.freedesktop.impl.portal.desktop.gtk exited with status 1

(/usr/libexec/xdg-desktop-portal:3389): xdg-desktop-portal-WARNING **: 10:02:57.746: Failed to create notification proxy: Error al llamar StartSereviceByName para org.freedesktop.impl.portal.desktop.gtk: Process org.freedesktop.impl.portal.desktop.gtk exited with status 1

(/usr/libexec/xdg-desktop-portal:3389): xdg-desktop-portal-WARNING **: 10:02:57.746: No skeleton to export
dbus-daemon[3088]: [session uid=1000 pid=3088 pidfd=5] Activating service name='org.freedesktop.impl.portal.desktop.gtk' requested by ':1.13' (uid=1000 pid=3389 comm="/usr/libexec/xdg-desktop-portal")

(xdg-desktop-portal-gtk:3487): Gtk-WARNING **: 10:02:57.753: cannot open display: 
dbus-daemon[3088]: [session uid=1000 pid=3088 pidfd=5] Activated service 'org.freedesktop.impl.portal.desktop.gtk' failed: Process org.freedesktop.impl.portal.desktop.gtk exited with status 1

(/usr/libexec/xdg-desktop-portal:3389): xdg-desktop-portal-WARNING **: 10:02:57.755: Failed to create inhibit proxy: Error al llamar StartSereviceByName para org.freedesktop.impl.portal.desktop.gtk: Process org.freedesktop.impl.portal.desktop.gtk exited with status 1

(/usr/libexec/xdg-desktop-portal:3389): xdg-desktop-portal-WARNING **: 10:02:57.755: No skeleton to export
dbus-daemon[3088]: [session uid=1000 pid=3088 pidfd=5] Activating service name='org.freedesktop.impl.portal.desktop.gtk' requested by ':1.13' (uid=1000 pid=3389 comm="/usr/libexec/xdg-desktop-portal")

(xdg-desktop-portal-gtk:3494): Gtk-WARNING **: 10:02:57.765: cannot open display: 
dbus-daemon[3088]: [session uid=1000 pid=3088 pidfd=5] Activated service 'org.freedesktop.impl.portal.desktop.gtk' failed: Process org.freedesktop.impl.portal.desktop.gtk exited with status 1

(/usr/libexec/xdg-desktop-portal:3389): xdg-desktop-portal-WARNING **: 10:02:57.766: Failed to create access proxy: Error al llamar StartSereviceByName para org.freedesktop.impl.portal.desktop.gtk: Process org.freedesktop.impl.portal.desktop.gtk exited with status 1

(/usr/libexec/xdg-desktop-portal:3389): xdg-desktop-portal-WARNING **: 10:02:57.766: No skeleton to export
dbus-daemon[3088]: [session uid=1000 pid=3088 pidfd=5] Activating service name='org.freedesktop.impl.portal.desktop.gtk' requested by ':1.13' (uid=1000 pid=3389 comm="/usr/libexec/xdg-desktop-portal")

(xdg-desktop-portal-gtk:3497): Gtk-WARNING **: 10:02:57.773: cannot open display: 
dbus-daemon[3088]: [session uid=1000 pid=3088 pidfd=5] Activated service 'org.freedesktop.impl.portal.desktop.gtk' failed: Process org.freedesktop.impl.portal.desktop.gtk exited with status 1

(/usr/libexec/xdg-desktop-portal:3389): xdg-desktop-portal-WARNING **: 10:02:57.775: Failed to create account proxy: Error al llamar StartSereviceByName para org.freedesktop.impl.portal.desktop.gtk: Process org.freedesktop.impl.portal.desktop.gtk exited with status 1

(/usr/libexec/xdg-desktop-portal:3389): xdg-desktop-portal-WARNING **: 10:02:57.775: No skeleton to export
dbus-daemon[3088]: [session uid=1000 pid=3088 pidfd=5] Activating service name='org.freedesktop.impl.portal.desktop.gtk' requested by ':1.13' (uid=1000 pid=3389 comm="/usr/libexec/xdg-desktop-portal")

(xdg-desktop-portal-gtk:3501): Gtk-WARNING **: 10:02:57.783: cannot open display: 
dbus-daemon[3088]: [session uid=1000 pid=3088 pidfd=5] Activated service 'org.freedesktop.impl.portal.desktop.gtk' failed: Process org.freedesktop.impl.portal.desktop.gtk exited with status 1

(/usr/libexec/xdg-desktop-portal:3389): xdg-desktop-portal-WARNING **: 10:02:57.784: Failed to create email proxy: Error al llamar StartSereviceByName para org.freedesktop.impl.portal.desktop.gtk: Process org.freedesktop.impl.portal.desktop.gtk exited with status 1

(/usr/libexec/xdg-desktop-portal:3389): xdg-desktop-portal-WARNING **: 10:02:57.784: No skeleton to export
dbus-daemon[3088]: [session uid=1000 pid=3088 pidfd=5] Activating service name='org.freedesktop.impl.portal.desktop.gtk' requested by ':1.13' (uid=1000 pid=3389 comm="/usr/libexec/xdg-desktop-portal")

(xdg-desktop-portal-gtk:3504): Gtk-WARNING **: 10:02:57.791: cannot open display: 
dbus-daemon[3088]: [session uid=1000 pid=3088 pidfd=5] Activated service 'org.freedesktop.impl.portal.desktop.gtk' failed: Process org.freedesktop.impl.portal.desktop.gtk exited with status 1

(/usr/libexec/xdg-desktop-portal:3389): xdg-desktop-portal-WARNING **: 10:02:57.793: Failed to create dynamic_launcher proxy: Error al llamar StartSereviceByName para org.freedesktop.impl.portal.desktop.gtk: Process org.freedesktop.impl.portal.desktop.gtk exited with status 1

(/usr/libexec/xdg-desktop-portal:3389): xdg-desktop-portal-WARNING **: 10:02:57.793: No skeleton to export
dbus-daemon[3088]: [session uid=1000 pid=3088 pidfd=5] Successfully activated service 'org.freedesktop.portal.Desktop'
dbus-daemon[3088]: [session uid=1000 pid=3088 pidfd=5] Activating service name='org.bluez.obex' requested by ':1.10' (uid=1000 pid=3325 comm="/usr/bin/python3.13 /usr/bin/blueman-applet")
dbus-daemon[3088]: [session uid=1000 pid=3088 pidfd=5] Successfully activated service 'org.bluez.obex'
[2m2026-04-08T14:02:57.883243Z[0m [34mDEBUG[0m [2mniri_config[0m[2m:[0m loaded config from "/home/eleazar/.config/niri/config.kdl"
dbus-daemon[3088]: [session uid=1000 pid=3088 pidfd=5] Activating service name='org.gtk.vfs.UDisks2VolumeMonitor' requested by ':1.31' (uid=1000 pid=4451 comm="pcmanfm")
dbus-daemon[3088]: [session uid=1000 pid=3088 pidfd=5] Successfully activated service 'org.gtk.vfs.UDisks2VolumeMonitor'
dbus-daemon[3088]: [session uid=1000 pid=3088 pidfd=5] Activating service name='org.gtk.vfs.MTPVolumeMonitor' requested by ':1.31' (uid=1000 pid=4451 comm="pcmanfm")
dbus-daemon[3088]: [session uid=1000 pid=3088 pidfd=5] Successfully activated service 'org.gtk.vfs.MTPVolumeMonitor'
dbus-daemon[3088]: [session uid=1000 pid=3088 pidfd=5] Activating service name='org.gtk.vfs.Metadata' requested by ':1.31' (uid=1000 pid=4451 comm="pcmanfm")
dbus-daemon[3088]: [session uid=1000 pid=3088 pidfd=5] Successfully activated service 'org.gtk.vfs.Metadata'
[2m2026-04-08T14:32:58.122104Z[0m [34mDEBUG[0m [2mniri_config[0m[2m:[0m loaded config from "/home/eleazar/.config/niri/config.kdl"
[2m2026-04-08T14:35:55.621265Z[0m [34mDEBUG[0m [2mniri::backend::tty[0m[2m:[0m pausing session

(/usr/libexec/xdg-desktop-portal:3389): xdg-desktop-portal-WARNING **: 10:35:55.641: Caught PipeWire error: connection error

(/usr/libexec/xdg-desktop-portal:3389): xdg-desktop-portal-WARNING **: 10:35:55.642: Failed connect to PipeWire: Couldn't connect to PipeWire
[2m2026-04-08T14:35:56.822026Z[0m [32m INFO[0m [2mniri::utils::signals::platform[0m[2m:[0m quitting due to receiving signal SIGHUP
dbus-daemon[3371]: Reloaded configuration
dbus-daemon[3088]: [session uid=1000 pid=3088 pidfd=5] Reloaded configuration
[2m2026-04-08T14:35:56.831360Z[0m [34mDEBUG[0m [2mniri::utils::watcher[0m[2m:[0m exiting watcher thread for Regular { user_path: "/home/eleazar/.config/niri/config.kdl", system_path: "/etc/niri/config.kdl" }
--- INICIO DE SESIÓN: mié 08 abr 2026 11:18:35 -04 ---
[2m2026-04-08T15:18:36.272091Z[0m [32m INFO[0m [2mniri[0m[2m:[0m starting version 25.11 (b35bcae)
[2m2026-04-08T15:18:36.276235Z[0m [34mDEBUG[0m [2mniri_config[0m[2m:[0m loaded config from "/home/eleazar/.config/niri/config.kdl"
[2m2026-04-08T15:18:36.815564Z[0m [32m INFO[0m [2mniri::backend::tty[0m[2m:[0m using as the render node: "/dev/dri/renderD128"
[2m2026-04-08T15:18:36.852799Z[0m [34mDEBUG[0m [2mniri::backend::tty[0m[2m:[0m adding device: 57856 "/dev/dri/card0"
[2m2026-04-08T15:18:36.852844Z[0m [34mDEBUG[0m [2mniri::backend::tty[0m[2m:[0m this is the primary node
[2m2026-04-08T15:18:37.075074Z[0m [34mDEBUG[0m [2mniri::backend::tty[0m[2m:[0m got render node: renderD128
[2m2026-04-08T15:18:37.075091Z[0m [34mDEBUG[0m [2mniri::backend::tty[0m[2m:[0m initializing the primary renderer
[2m2026-04-08T15:18:37.116831Z[0m [33m WARN[0m [2mniri::backend::tty[0m[2m:[0m error binding wl-display in EGL: EglExtensionNotSupported(["EGL_WL_bind_wayland_display"])
[2m2026-04-08T15:18:37.126507Z[0m [34mDEBUG[0m [2mniri::backend::tty[0m[2m:[0m device changed: 57856
[2m2026-04-08T15:18:37.127514Z[0m [34mDEBUG[0m [2mniri::backend::tty[0m[2m:[0m new connector: DP-1 "Samsung Electric Company S19B300 HTHC402609"
[2m2026-04-08T15:18:37.127649Z[0m [34mDEBUG[0m [2mniri::backend::tty[0m[2m:[0m connecting connector: DP-1
[2m2026-04-08T15:18:37.127667Z[0m [34mDEBUG[0m [2mniri::backend::tty[0m[2m:[0m picking mode: Mode { name: "1366x768", clock: 85500, size: (1366, 768), hsync: (1436, 1579, 1792), vsync: (771, 774, 798), hskew: 0, vscan: 0, vrefresh: 60, mode_type: ModeTypeFlags(PREFERRED | DRIVER) }
[2m2026-04-08T15:18:37.144576Z[0m [34mDEBUG[0m [2mniri::niri[0m[2m:[0m putting output DP-1 at x=0 y=0
[2m2026-04-08T15:18:37.144640Z[0m [32m INFO[0m [2mniri[0m[2m:[0m listening on Wayland socket: wayland-1
[2m2026-04-08T15:18:37.144647Z[0m [32m INFO[0m [2mniri[0m[2m:[0m IPC listening on: /run/user/1000/niri.wayland-1.3313.sock
[2m2026-04-08T15:18:37.155358Z[0m [32m INFO[0m [2mniri[0m[2m:[0m listening on X11 socket: :0
[2m2026-04-08T15:18:37.159017Z[0m [33m WARN[0m [2mniri::dbus::freedesktop_locale1[0m[2m:[0m error receiving initial properties: ServiceUnknown("The name org.freedesktop.locale1 was not provided by any .service files")
dbus-daemon[3312]: [session uid=1000 pid=3312 pidfd=5] Activating service name='org.gtk.vfs.Daemon' requested by ':1.1' (uid=1000 pid=3402 comm="wireplumber")
dbus-daemon[3312]: [session uid=1000 pid=3312 pidfd=5] Successfully activated service 'org.gtk.vfs.Daemon'
fusermount3: failed to access mountpoint /run/user/1000/gvfs: Permission denied
dbus-daemon[3312]: [session uid=1000 pid=3312 pidfd=5] Activating service name='org.a11y.Bus' requested by ':1.6' (uid=1000 pid=3401 comm="/usr/libexec/polkit-gnome-authentication-agent-1")
dbus-daemon[3312]: [session uid=1000 pid=3312 pidfd=5] Successfully activated service 'org.a11y.Bus'
dbus-daemon[3312]: [session uid=1000 pid=3312 pidfd=5] Activating service name='org.freedesktop.portal.Desktop' requested by ':1.9' (uid=1000 pid=3398 comm="openrgb --startminimized")
dbus-daemon[3312]: [session uid=1000 pid=3312 pidfd=5] Activating service name='org.freedesktop.impl.portal.PermissionStore' requested by ':1.11' (uid=1000 pid=3462 comm="/usr/libexec/xdg-desktop-portal")
dbus-daemon[3312]: [session uid=1000 pid=3312 pidfd=5] Successfully activated service 'org.freedesktop.impl.portal.PermissionStore'
dbus-daemon[3312]: [session uid=1000 pid=3312 pidfd=5] Activating service name='org.freedesktop.portal.Documents' requested by ':1.11' (uid=1000 pid=3462 comm="/usr/libexec/xdg-desktop-portal")
dbus-daemon[3459]: Activating service name='org.a11y.atspi.Registry' requested by ':1.1' (uid=1000 pid=3401 comm="/usr/libexec/polkit-gnome-authentication-agent-1")
dbus-daemon[3312]: [session uid=1000 pid=3312 pidfd=5] Successfully activated service 'org.freedesktop.portal.Documents'
dbus-daemon[3459]: Successfully activated service 'org.a11y.atspi.Registry'
SpiRegistry daemon is running with well-known name - org.a11y.atspi.Registry
dbus-daemon[3312]: [session uid=1000 pid=3312 pidfd=5] Activating service name='org.freedesktop.impl.portal.desktop.gtk' requested by ':1.11' (uid=1000 pid=3462 comm="/usr/libexec/xdg-desktop-portal")

(xdg-desktop-portal-gtk:3514): Gtk-WARNING **: 11:18:37.352: cannot open display: 
dbus-daemon[3312]: [session uid=1000 pid=3312 pidfd=5] Activated service 'org.freedesktop.impl.portal.desktop.gtk' failed: Process org.freedesktop.impl.portal.desktop.gtk exited with status 1

(/usr/libexec/xdg-desktop-portal:3462): xdg-desktop-portal-WARNING **: 11:18:37.354: Failed to create settings proxy: Error al llamar StartSereviceByName para org.freedesktop.impl.portal.desktop.gtk: Process org.freedesktop.impl.portal.desktop.gtk exited with status 1

(/usr/libexec/xdg-desktop-portal:3462): xdg-desktop-portal-WARNING **: 11:18:37.354: No skeleton to export
dbus-daemon[3312]: [session uid=1000 pid=3312 pidfd=5] Activating service name='org.freedesktop.impl.portal.desktop.gtk' requested by ':1.11' (uid=1000 pid=3462 comm="/usr/libexec/xdg-desktop-portal")

(xdg-desktop-portal-gtk:3546): Gtk-WARNING **: 11:18:37.365: cannot open display: 
dbus-daemon[3312]: [session uid=1000 pid=3312 pidfd=5] Activated service 'org.freedesktop.impl.portal.desktop.gtk' failed: Process org.freedesktop.impl.portal.desktop.gtk exited with status 1

(/usr/libexec/xdg-desktop-portal:3462): xdg-desktop-portal-WARNING **: 11:18:37.367: Failed to create file chooser proxy: Error al llamar StartSereviceByName para org.freedesktop.impl.portal.desktop.gtk: Process org.freedesktop.impl.portal.desktop.gtk exited with status 1

(/usr/libexec/xdg-desktop-portal:3462): xdg-desktop-portal-WARNING **: 11:18:37.367: No skeleton to export
dbus-daemon[3312]: [session uid=1000 pid=3312 pidfd=5] Activating service name='org.freedesktop.impl.portal.desktop.gtk' requested by ':1.11' (uid=1000 pid=3462 comm="/usr/libexec/xdg-desktop-portal")

(xdg-desktop-portal-gtk:3562): Gtk-WARNING **: 11:18:37.378: cannot open display: 
dbus-daemon[3312]: [session uid=1000 pid=3312 pidfd=5] Activated service 'org.freedesktop.impl.portal.desktop.gtk' failed: Process org.freedesktop.impl.portal.desktop.gtk exited with status 1

(/usr/libexec/xdg-desktop-portal:3462): xdg-desktop-portal-WARNING **: 11:18:37.379: Failed to create app chooser proxy: Error al llamar StartSereviceByName para org.freedesktop.impl.portal.desktop.gtk: Process org.freedesktop.impl.portal.desktop.gtk exited with status 1

(/usr/libexec/xdg-desktop-portal:3462): xdg-desktop-portal-WARNING **: 11:18:37.379: No skeleton to export
dbus-daemon[3312]: [session uid=1000 pid=3312 pidfd=5] Activating service name='org.freedesktop.impl.portal.desktop.gtk' requested by ':1.11' (uid=1000 pid=3462 comm="/usr/libexec/xdg-desktop-portal")

(xdg-desktop-portal-gtk:3565): Gtk-WARNING **: 11:18:37.387: cannot open display: 
dbus-daemon[3312]: [session uid=1000 pid=3312 pidfd=5] Activated service 'org.freedesktop.impl.portal.desktop.gtk' failed: Process org.freedesktop.impl.portal.desktop.gtk exited with status 1

(/usr/libexec/xdg-desktop-portal:3462): xdg-desktop-portal-WARNING **: 11:18:37.388: Failed to create print proxy: Error al llamar StartSereviceByName para org.freedesktop.impl.portal.desktop.gtk: Process org.freedesktop.impl.portal.desktop.gtk exited with status 1

(/usr/libexec/xdg-desktop-portal:3462): xdg-desktop-portal-WARNING **: 11:18:37.388: No skeleton to export
dbus-daemon[3312]: [session uid=1000 pid=3312 pidfd=5] Activating service name='org.freedesktop.impl.portal.desktop.gtk' requested by ':1.11' (uid=1000 pid=3462 comm="/usr/libexec/xdg-desktop-portal")

(xdg-desktop-portal-gtk:3570): Gtk-WARNING **: 11:18:37.397: cannot open display: 
dbus-daemon[3312]: [session uid=1000 pid=3312 pidfd=5] Activated service 'org.freedesktop.impl.portal.desktop.gtk' failed: Process org.freedesktop.impl.portal.desktop.gtk exited with status 1

(/usr/libexec/xdg-desktop-portal:3462): xdg-desktop-portal-WARNING **: 11:18:37.398: Failed to create notification proxy: Error al llamar StartSereviceByName para org.freedesktop.impl.portal.desktop.gtk: Process org.freedesktop.impl.portal.desktop.gtk exited with status 1

(/usr/libexec/xdg-desktop-portal:3462): xdg-desktop-portal-WARNING **: 11:18:37.398: No skeleton to export
dbus-daemon[3312]: [session uid=1000 pid=3312 pidfd=5] Activating service name='org.freedesktop.impl.portal.desktop.gtk' requested by ':1.11' (uid=1000 pid=3462 comm="/usr/libexec/xdg-desktop-portal")

(xdg-desktop-portal-gtk:3573): Gtk-WARNING **: 11:18:37.407: cannot open display: 
dbus-daemon[3312]: [session uid=1000 pid=3312 pidfd=5] Activated service 'org.freedesktop.impl.portal.desktop.gtk' failed: Process org.freedesktop.impl.portal.desktop.gtk exited with status 1

(/usr/libexec/xdg-desktop-portal:3462): xdg-desktop-portal-WARNING **: 11:18:37.408: Failed to create inhibit proxy: Error al llamar StartSereviceByName para org.freedesktop.impl.portal.desktop.gtk: Process org.freedesktop.impl.portal.desktop.gtk exited with status 1

(/usr/libexec/xdg-desktop-portal:3462): xdg-desktop-portal-WARNING **: 11:18:37.408: No skeleton to export
dbus-daemon[3312]: [session uid=1000 pid=3312 pidfd=5] Activating service name='org.freedesktop.impl.portal.desktop.gtk' requested by ':1.11' (uid=1000 pid=3462 comm="/usr/libexec/xdg-desktop-portal")

(xdg-desktop-portal-gtk:3583): Gtk-WARNING **: 11:18:37.422: cannot open display: 
dbus-daemon[3312]: [session uid=1000 pid=3312 pidfd=5] Activated service 'org.freedesktop.impl.portal.desktop.gtk' failed: Process org.freedesktop.impl.portal.desktop.gtk exited with status 1

(/usr/libexec/xdg-desktop-portal:3462): xdg-desktop-portal-WARNING **: 11:18:37.423: Failed to create access proxy: Error al llamar StartSereviceByName para org.freedesktop.impl.portal.desktop.gtk: Process org.freedesktop.impl.portal.desktop.gtk exited with status 1

(/usr/libexec/xdg-desktop-portal:3462): xdg-desktop-portal-WARNING **: 11:18:37.423: No skeleton to export
dbus-daemon[3312]: [session uid=1000 pid=3312 pidfd=5] Activating service name='org.freedesktop.impl.portal.desktop.gtk' requested by ':1.11' (uid=1000 pid=3462 comm="/usr/libexec/xdg-desktop-portal")

(xdg-desktop-portal-gtk:3587): Gtk-WARNING **: 11:18:37.434: cannot open display: 
dbus-daemon[3312]: [session uid=1000 pid=3312 pidfd=5] Activated service 'org.freedesktop.impl.portal.desktop.gtk' failed: Process org.freedesktop.impl.portal.desktop.gtk exited with status 1

(/usr/libexec/xdg-desktop-portal:3462): xdg-desktop-portal-WARNING **: 11:18:37.435: Failed to create account proxy: Error al llamar StartSereviceByName para org.freedesktop.impl.portal.desktop.gtk: Process org.freedesktop.impl.portal.desktop.gtk exited with status 1

(/usr/libexec/xdg-desktop-portal:3462): xdg-desktop-portal-WARNING **: 11:18:37.435: No skeleton to export
dbus-daemon[3312]: [session uid=1000 pid=3312 pidfd=5] Activating service name='org.freedesktop.impl.portal.desktop.gtk' requested by ':1.11' (uid=1000 pid=3462 comm="/usr/libexec/xdg-desktop-portal")

(xdg-desktop-portal-gtk:3590): Gtk-WARNING **: 11:18:37.443: cannot open display: 
dbus-daemon[3312]: [session uid=1000 pid=3312 pidfd=5] Activated service 'org.freedesktop.impl.portal.desktop.gtk' failed: Process org.freedesktop.impl.portal.desktop.gtk exited with status 1

(/usr/libexec/xdg-desktop-portal:3462): xdg-desktop-portal-WARNING **: 11:18:37.445: Failed to create email proxy: Error al llamar StartSereviceByName para org.freedesktop.impl.portal.desktop.gtk: Process org.freedesktop.impl.portal.desktop.gtk exited with status 1

(/usr/libexec/xdg-desktop-portal:3462): xdg-desktop-portal-WARNING **: 11:18:37.445: No skeleton to export
dbus-daemon[3312]: [session uid=1000 pid=3312 pidfd=5] Activating service name='org.freedesktop.impl.portal.desktop.gtk' requested by ':1.11' (uid=1000 pid=3462 comm="/usr/libexec/xdg-desktop-portal")

(xdg-desktop-portal-gtk:3594): Gtk-WARNING **: 11:18:37.452: cannot open display: 
dbus-daemon[3312]: [session uid=1000 pid=3312 pidfd=5] Activated service 'org.freedesktop.impl.portal.desktop.gtk' failed: Process org.freedesktop.impl.portal.desktop.gtk exited with status 1

(/usr/libexec/xdg-desktop-portal:3462): xdg-desktop-portal-WARNING **: 11:18:37.453: Failed to create dynamic_launcher proxy: Error al llamar StartSereviceByName para org.freedesktop.impl.portal.desktop.gtk: Process org.freedesktop.impl.portal.desktop.gtk exited with status 1

(/usr/libexec/xdg-desktop-portal:3462): xdg-desktop-portal-WARNING **: 11:18:37.453: No skeleton to export
dbus-daemon[3312]: [session uid=1000 pid=3312 pidfd=5] Successfully activated service 'org.freedesktop.portal.Desktop'
dbus-daemon[3312]: [session uid=1000 pid=3312 pidfd=5] Activating service name='org.bluez.obex' requested by ':1.14' (uid=1000 pid=3405 comm="/usr/bin/python3.13 /usr/bin/blueman-applet")
dbus-daemon[3312]: [session uid=1000 pid=3312 pidfd=5] Successfully activated service 'org.bluez.obex'
[2m2026-04-08T15:18:37.550484Z[0m [34mDEBUG[0m [2mniri_config[0m[2m:[0m loaded config from "/home/eleazar/.config/niri/config.kdl"

(/usr/libexec/xdg-desktop-portal:3462): xdg-desktop-portal-WARNING **: 11:23:12.778: Caught PipeWire error: connection error

(/usr/libexec/xdg-desktop-portal:3462): xdg-desktop-portal-WARNING **: 11:23:12.780: Failed connect to PipeWire: Couldn't connect to PipeWire
[2m2026-04-08T15:23:12.894451Z[0m [33m WARN[0m [2mniri::backend::tty[0m[2m:[0m error queueing frame: The underlying drm surface encountered an error: DRM access error: Page flip commit failed on device `Some("/dev/dri/card0")` (Permission denied (os error 13))
[2m2026-04-08T15:23:12.894541Z[0m [34mDEBUG[0m [2mniri::backend::tty[0m[2m:[0m pausing session
[2m2026-04-08T15:23:14.195993Z[0m [32m INFO[0m [2mniri::utils::signals::platform[0m[2m:[0m quitting due to receiving signal SIGHUP
dbus-daemon[3312]: [session uid=1000 pid=3312 pidfd=5] Reloaded configuration
dbus-daemon[3459]: Reloaded configuration
[2m2026-04-08T15:23:14.204920Z[0m [34mDEBUG[0m [2mniri::utils::watcher[0m[2m:[0m exiting watcher thread for Regular { user_path: "/home/eleazar/.config/niri/config.kdl", system_path: "/etc/niri/config.kdl" }
--- INICIO DE SESIÓN: mié 08 abr 2026 11:23:54 -04 ---
[2m2026-04-08T15:23:55.219970Z[0m [32m INFO[0m [2mniri[0m[2m:[0m starting version 25.11 (b35bcae)
[2m2026-04-08T15:23:55.224227Z[0m [34mDEBUG[0m [2mniri_config[0m[2m:[0m loaded config from "/home/eleazar/.config/niri/config.kdl"
[2m2026-04-08T15:23:55.649951Z[0m [32m INFO[0m [2mniri::backend::tty[0m[2m:[0m using as the render node: "/dev/dri/renderD128"
[2m2026-04-08T15:23:55.686739Z[0m [34mDEBUG[0m [2mniri::backend::tty[0m[2m:[0m adding device: 57856 "/dev/dri/card0"
[2m2026-04-08T15:23:55.686771Z[0m [34mDEBUG[0m [2mniri::backend::tty[0m[2m:[0m this is the primary node
[2m2026-04-08T15:23:55.910274Z[0m [34mDEBUG[0m [2mniri::backend::tty[0m[2m:[0m got render node: renderD128
[2m2026-04-08T15:23:55.910295Z[0m [34mDEBUG[0m [2mniri::backend::tty[0m[2m:[0m initializing the primary renderer
[2m2026-04-08T15:23:55.952640Z[0m [33m WARN[0m [2mniri::backend::tty[0m[2m:[0m error binding wl-display in EGL: EglExtensionNotSupported(["EGL_WL_bind_wayland_display"])
[2m2026-04-08T15:23:55.962112Z[0m [34mDEBUG[0m [2mniri::backend::tty[0m[2m:[0m device changed: 57856
[2m2026-04-08T15:23:55.963142Z[0m [34mDEBUG[0m [2mniri::backend::tty[0m[2m:[0m new connector: DP-1 "Samsung Electric Company S19B300 HTHC402609"
[2m2026-04-08T15:23:55.963282Z[0m [34mDEBUG[0m [2mniri::backend::tty[0m[2m:[0m connecting connector: DP-1
[2m2026-04-08T15:23:55.963300Z[0m [34mDEBUG[0m [2mniri::backend::tty[0m[2m:[0m picking mode: Mode { name: "1366x768", clock: 85500, size: (1366, 768), hsync: (1436, 1579, 1792), vsync: (771, 774, 798), hskew: 0, vscan: 0, vrefresh: 60, mode_type: ModeTypeFlags(PREFERRED | DRIVER) }
[2m2026-04-08T15:23:55.980255Z[0m [34mDEBUG[0m [2mniri::niri[0m[2m:[0m putting output DP-1 at x=0 y=0
[2m2026-04-08T15:23:55.980316Z[0m [32m INFO[0m [2mniri[0m[2m:[0m listening on Wayland socket: wayland-1
[2m2026-04-08T15:23:55.980322Z[0m [32m INFO[0m [2mniri[0m[2m:[0m IPC listening on: /run/user/1000/niri.wayland-1.3543.sock
[2m2026-04-08T15:23:55.991503Z[0m [32m INFO[0m [2mniri[0m[2m:[0m listening on X11 socket: :0
[2m2026-04-08T15:23:55.995126Z[0m [33m WARN[0m [2mniri::dbus::freedesktop_locale1[0m[2m:[0m error receiving initial properties: ServiceUnknown("The name org.freedesktop.locale1 was not provided by any .service files")
dbus-daemon[3542]: [session uid=1000 pid=3542 pidfd=5] Activating service name='org.gtk.vfs.Daemon' requested by ':1.1' (uid=1000 pid=3677 comm="wireplumber")
dbus-daemon[3542]: [session uid=1000 pid=3542 pidfd=5] Successfully activated service 'org.gtk.vfs.Daemon'
fusermount3: failed to access mountpoint /run/user/1000/gvfs: Permission denied
dbus-daemon[3542]: [session uid=1000 pid=3542 pidfd=5] Activating service name='org.a11y.Bus' requested by ':1.6' (uid=1000 pid=3667 comm="/usr/libexec/polkit-gnome-authentication-agent-1")
dbus-daemon[3542]: [session uid=1000 pid=3542 pidfd=5] Successfully activated service 'org.a11y.Bus'
dbus-daemon[3542]: [session uid=1000 pid=3542 pidfd=5] Activating service name='org.freedesktop.portal.Desktop' requested by ':1.10' (uid=1000 pid=3674 comm="openrgb --startminimized")
dbus-daemon[3542]: [session uid=1000 pid=3542 pidfd=5] Activating service name='org.freedesktop.impl.portal.PermissionStore' requested by ':1.11' (uid=1000 pid=3735 comm="/usr/libexec/xdg-desktop-portal")
dbus-daemon[3724]: Activating service name='org.a11y.atspi.Registry' requested by ':1.0' (uid=1000 pid=3667 comm="/usr/libexec/polkit-gnome-authentication-agent-1")
dbus-daemon[3542]: [session uid=1000 pid=3542 pidfd=5] Successfully activated service 'org.freedesktop.impl.portal.PermissionStore'
dbus-daemon[3542]: [session uid=1000 pid=3542 pidfd=5] Activating service name='org.freedesktop.portal.Documents' requested by ':1.11' (uid=1000 pid=3735 comm="/usr/libexec/xdg-desktop-portal")
dbus-daemon[3724]: Successfully activated service 'org.a11y.atspi.Registry'
SpiRegistry daemon is running with well-known name - org.a11y.atspi.Registry
dbus-daemon[3542]: [session uid=1000 pid=3542 pidfd=5] Successfully activated service 'org.freedesktop.portal.Documents'
dbus-daemon[3542]: [session uid=1000 pid=3542 pidfd=5] Activating service name='org.freedesktop.impl.portal.desktop.gtk' requested by ':1.11' (uid=1000 pid=3735 comm="/usr/libexec/xdg-desktop-portal")

(xdg-desktop-portal-gtk:3805): Gtk-WARNING **: 11:23:56.196: cannot open display: 
dbus-daemon[3542]: [session uid=1000 pid=3542 pidfd=5] Activated service 'org.freedesktop.impl.portal.desktop.gtk' failed: Process org.freedesktop.impl.portal.desktop.gtk exited with status 1

(/usr/libexec/xdg-desktop-portal:3735): xdg-desktop-portal-WARNING **: 11:23:56.198: Failed to create settings proxy: Error al llamar StartSereviceByName para org.freedesktop.impl.portal.desktop.gtk: Process org.freedesktop.impl.portal.desktop.gtk exited with status 1

(/usr/libexec/xdg-desktop-portal:3735): xdg-desktop-portal-WARNING **: 11:23:56.198: No skeleton to export
dbus-daemon[3542]: [session uid=1000 pid=3542 pidfd=5] Activating service name='org.freedesktop.impl.portal.desktop.gtk' requested by ':1.11' (uid=1000 pid=3735 comm="/usr/libexec/xdg-desktop-portal")

(xdg-desktop-portal-gtk:3822): Gtk-WARNING **: 11:23:56.207: cannot open display: 
dbus-daemon[3542]: [session uid=1000 pid=3542 pidfd=5] Activated service 'org.freedesktop.impl.portal.desktop.gtk' failed: Process org.freedesktop.impl.portal.desktop.gtk exited with status 1

(/usr/libexec/xdg-desktop-portal:3735): xdg-desktop-portal-WARNING **: 11:23:56.209: Failed to create file chooser proxy: Error al llamar StartSereviceByName para org.freedesktop.impl.portal.desktop.gtk: Process org.freedesktop.impl.portal.desktop.gtk exited with status 1

(/usr/libexec/xdg-desktop-portal:3735): xdg-desktop-portal-WARNING **: 11:23:56.209: No skeleton to export
dbus-daemon[3542]: [session uid=1000 pid=3542 pidfd=5] Activating service name='org.freedesktop.impl.portal.desktop.gtk' requested by ':1.11' (uid=1000 pid=3735 comm="/usr/libexec/xdg-desktop-portal")

(xdg-desktop-portal-gtk:3825): Gtk-WARNING **: 11:23:56.216: cannot open display: 
dbus-daemon[3542]: [session uid=1000 pid=3542 pidfd=5] Activated service 'org.freedesktop.impl.portal.desktop.gtk' failed: Process org.freedesktop.impl.portal.desktop.gtk exited with status 1

(/usr/libexec/xdg-desktop-portal:3735): xdg-desktop-portal-WARNING **: 11:23:56.218: Failed to create app chooser proxy: Error al llamar StartSereviceByName para org.freedesktop.impl.portal.desktop.gtk: Process org.freedesktop.impl.portal.desktop.gtk exited with status 1

(/usr/libexec/xdg-desktop-portal:3735): xdg-desktop-portal-WARNING **: 11:23:56.218: No skeleton to export
dbus-daemon[3542]: [session uid=1000 pid=3542 pidfd=5] Activating service name='org.freedesktop.impl.portal.desktop.gtk' requested by ':1.11' (uid=1000 pid=3735 comm="/usr/libexec/xdg-desktop-portal")

(xdg-desktop-portal-gtk:3828): Gtk-WARNING **: 11:23:56.225: cannot open display: 
dbus-daemon[3542]: [session uid=1000 pid=3542 pidfd=5] Activated service 'org.freedesktop.impl.portal.desktop.gtk' failed: Process org.freedesktop.impl.portal.desktop.gtk exited with status 1

(/usr/libexec/xdg-desktop-portal:3735): xdg-desktop-portal-WARNING **: 11:23:56.226: Failed to create print proxy: Error al llamar StartSereviceByName para org.freedesktop.impl.portal.desktop.gtk: Process org.freedesktop.impl.portal.desktop.gtk exited with status 1

(/usr/libexec/xdg-desktop-portal:3735): xdg-desktop-portal-WARNING **: 11:23:56.226: No skeleton to export
dbus-daemon[3542]: [session uid=1000 pid=3542 pidfd=5] Activating service name='org.freedesktop.impl.portal.desktop.gtk' requested by ':1.11' (uid=1000 pid=3735 comm="/usr/libexec/xdg-desktop-portal")

(xdg-desktop-portal-gtk:3833): Gtk-WARNING **: 11:23:56.234: cannot open display: 
dbus-daemon[3542]: [session uid=1000 pid=3542 pidfd=5] Activated service 'org.freedesktop.impl.portal.desktop.gtk' failed: Process org.freedesktop.impl.portal.desktop.gtk exited with status 1

(/usr/libexec/xdg-desktop-portal:3735): xdg-desktop-portal-WARNING **: 11:23:56.235: Failed to create notification proxy: Error al llamar StartSereviceByName para org.freedesktop.impl.portal.desktop.gtk: Process org.freedesktop.impl.portal.desktop.gtk exited with status 1

(/usr/libexec/xdg-desktop-portal:3735): xdg-desktop-portal-WARNING **: 11:23:56.236: No skeleton to export
dbus-daemon[3542]: [session uid=1000 pid=3542 pidfd=5] Activating service name='org.freedesktop.impl.portal.desktop.gtk' requested by ':1.11' (uid=1000 pid=3735 comm="/usr/libexec/xdg-desktop-portal")

(xdg-desktop-portal-gtk:3836): Gtk-WARNING **: 11:23:56.243: cannot open display: 
dbus-daemon[3542]: [session uid=1000 pid=3542 pidfd=5] Activated service 'org.freedesktop.impl.portal.desktop.gtk' failed: Process org.freedesktop.impl.portal.desktop.gtk exited with status 1

(/usr/libexec/xdg-desktop-portal:3735): xdg-desktop-portal-WARNING **: 11:23:56.244: Failed to create inhibit proxy: Error al llamar StartSereviceByName para org.freedesktop.impl.portal.desktop.gtk: Process org.freedesktop.impl.portal.desktop.gtk exited with status 1

(/usr/libexec/xdg-desktop-portal:3735): xdg-desktop-portal-WARNING **: 11:23:56.244: No skeleton to export
dbus-daemon[3542]: [session uid=1000 pid=3542 pidfd=5] Activating service name='org.freedesktop.impl.portal.desktop.gtk' requested by ':1.11' (uid=1000 pid=3735 comm="/usr/libexec/xdg-desktop-portal")

(xdg-desktop-portal-gtk:3843): Gtk-WARNING **: 11:23:56.256: cannot open display: 
dbus-daemon[3542]: [session uid=1000 pid=3542 pidfd=5] Activated service 'org.freedesktop.impl.portal.desktop.gtk' failed: Process org.freedesktop.impl.portal.desktop.gtk exited with status 1

(/usr/libexec/xdg-desktop-portal:3735): xdg-desktop-portal-WARNING **: 11:23:56.257: Failed to create access proxy: Error al llamar StartSereviceByName para org.freedesktop.impl.portal.desktop.gtk: Process org.freedesktop.impl.portal.desktop.gtk exited with status 1

(/usr/libexec/xdg-desktop-portal:3735): xdg-desktop-portal-WARNING **: 11:23:56.257: No skeleton to export
dbus-daemon[3542]: [session uid=1000 pid=3542 pidfd=5] Activating service name='org.freedesktop.impl.portal.desktop.gtk' requested by ':1.11' (uid=1000 pid=3735 comm="/usr/libexec/xdg-desktop-portal")

(xdg-desktop-portal-gtk:3849): Gtk-WARNING **: 11:23:56.264: cannot open display: 
dbus-daemon[3542]: [session uid=1000 pid=3542 pidfd=5] Activated service 'org.freedesktop.impl.portal.desktop.gtk' failed: Process org.freedesktop.impl.portal.desktop.gtk exited with status 1

(/usr/libexec/xdg-desktop-portal:3735): xdg-desktop-portal-WARNING **: 11:23:56.266: Failed to create account proxy: Error al llamar StartSereviceByName para org.freedesktop.impl.portal.desktop.gtk: Process org.freedesktop.impl.portal.desktop.gtk exited with status 1

(/usr/libexec/xdg-desktop-portal:3735): xdg-desktop-portal-WARNING **: 11:23:56.266: No skeleton to export
dbus-daemon[3542]: [session uid=1000 pid=3542 pidfd=5] Activating service name='org.freedesktop.impl.portal.desktop.gtk' requested by ':1.11' (uid=1000 pid=3735 comm="/usr/libexec/xdg-desktop-portal")

(xdg-desktop-portal-gtk:3852): Gtk-WARNING **: 11:23:56.272: cannot open display: 
dbus-daemon[3542]: [session uid=1000 pid=3542 pidfd=5] Activated service 'org.freedesktop.impl.portal.desktop.gtk' failed: Process org.freedesktop.impl.portal.desktop.gtk exited with status 1

(/usr/libexec/xdg-desktop-portal:3735): xdg-desktop-portal-WARNING **: 11:23:56.274: Failed to create email proxy: Error al llamar StartSereviceByName para org.freedesktop.impl.portal.desktop.gtk: Process org.freedesktop.impl.portal.desktop.gtk exited with status 1

(/usr/libexec/xdg-desktop-portal:3735): xdg-desktop-portal-WARNING **: 11:23:56.274: No skeleton to export
dbus-daemon[3542]: [session uid=1000 pid=3542 pidfd=5] Activating service name='org.freedesktop.impl.portal.desktop.gtk' requested by ':1.11' (uid=1000 pid=3735 comm="/usr/libexec/xdg-desktop-portal")

(xdg-desktop-portal-gtk:3856): Gtk-WARNING **: 11:23:56.281: cannot open display: 
dbus-daemon[3542]: [session uid=1000 pid=3542 pidfd=5] Activated service 'org.freedesktop.impl.portal.desktop.gtk' failed: Process org.freedesktop.impl.portal.desktop.gtk exited with status 1

(/usr/libexec/xdg-desktop-portal:3735): xdg-desktop-portal-WARNING **: 11:23:56.282: Failed to create dynamic_launcher proxy: Error al llamar StartSereviceByName para org.freedesktop.impl.portal.desktop.gtk: Process org.freedesktop.impl.portal.desktop.gtk exited with status 1

(/usr/libexec/xdg-desktop-portal:3735): xdg-desktop-portal-WARNING **: 11:23:56.282: No skeleton to export
dbus-daemon[3542]: [session uid=1000 pid=3542 pidfd=5] Successfully activated service 'org.freedesktop.portal.Desktop'
dbus-daemon[3542]: [session uid=1000 pid=3542 pidfd=5] Activating service name='org.bluez.obex' requested by ':1.13' (uid=1000 pid=3681 comm="/usr/bin/python3.13 /usr/bin/blueman-applet")
dbus-daemon[3542]: [session uid=1000 pid=3542 pidfd=5] Successfully activated service 'org.bluez.obex'
[2m2026-04-08T15:23:56.384385Z[0m [34mDEBUG[0m [2mniri_config[0m[2m:[0m loaded config from "/home/eleazar/.config/niri/config.kdl"
dbus-daemon[3542]: [session uid=1000 pid=3542 pidfd=5] Activating service name='org.xfce.Xfconf' requested by ':1.31' (uid=1000 pid=5738 comm="thunar")
dbus-daemon[3542]: [session uid=1000 pid=3542 pidfd=5] Successfully activated service 'org.xfce.Xfconf'
dbus-daemon[3542]: [session uid=1000 pid=3542 pidfd=5] Activating service name='org.gtk.vfs.UDisks2VolumeMonitor' requested by ':1.31' (uid=1000 pid=5738 comm="thunar")
dbus-daemon[3542]: [session uid=1000 pid=3542 pidfd=5] Successfully activated service 'org.gtk.vfs.UDisks2VolumeMonitor'
dbus-daemon[3542]: [session uid=1000 pid=3542 pidfd=5] Activating service name='org.gtk.vfs.MTPVolumeMonitor' requested by ':1.31' (uid=1000 pid=5738 comm="thunar")
dbus-daemon[3542]: [session uid=1000 pid=3542 pidfd=5] Successfully activated service 'org.gtk.vfs.MTPVolumeMonitor'
dbus-daemon[3542]: [session uid=1000 pid=3542 pidfd=5] Activating service name='org.gtk.vfs.Metadata' requested by ':1.31' (uid=1000 pid=5738 comm="thunar")
dbus-daemon[3542]: [session uid=1000 pid=3542 pidfd=5] Successfully activated service 'org.gtk.vfs.Metadata'
LIBMTP PANIC: could not inspect object property description 0xba11!
LIBMTP PANIC: could not inspect object property description 0xba14!
Error 1: Get Storage information failed.
Error 2: PTP Layer error 02ff: Error getting friendlyname.
Error 2: Error 02ff: PTP I/O Error
Error 2: PTP Layer error 02ff: Error getting friendlyname.
Error 2: Error 02ff: PTP I/O Error
Error 2: PTP Layer error 02fe: Error getting friendlyname.
Error 2: Error 02fe: PTP Data Expected
Error 2: PTP Layer error 02fe: Error getting friendlyname.
Error 2: Error 02fe: PTP Data Expected
Error 2: PTP Layer error 02fe: Error getting friendlyname.
Error 2: Error 02fe: PTP Data Expected
Error 2: PTP Layer error 02ff: Error getting friendlyname.
Error 2: Error 02ff: PTP I/O Error
Error 2: PTP Layer error 02ff: Error getting friendlyname.
Error 2: Error 02ff: PTP I/O Error
Error 2: PTP Layer error 02fe: Error getting friendlyname.
Error 2: Error 02fe: PTP Data Expected
Error 2: PTP Layer error 02ff: Error getting friendlyname.
Error 2: Error 02ff: PTP I/O Error
PTP: reading event an error 0x05 occurred
Error 2: PTP Layer error 02ff: Error getting friendlyname.
Error 2: Error 02ff: PTP I/O Error
Error 2: PTP Layer error 02ff: Error getting friendlyname.
Error 2: Error 02ff: PTP I/O Error
Device 0 (VID=2717 and PID=ff40) is a Xiaomi Mi-2s (id2) (MTP).
Android device detected, assigning default bug flags
Error 2: PTP Layer error 02fe: Error getting friendlyname.
Error 2: Error 02fe: PTP Data Expected
Error 2: PTP Layer error 02fe: Error getting friendlyname.
Error 2: Error 02fe: PTP Data Expected
Error 2: PTP Layer error 02ff: LIBMTP_Get_Storage(): Could not get storage info.
Error 2: Error 02ff: PTP I/O Error
Error 2: PTP Layer error 02fe: Error getting friendlyname.
Error 2: Error 02fe: PTP Data Expected
Error 2: PTP Layer error 02ff: Error getting friendlyname.
Error 2: Error 02ff: PTP I/O Error
Error 2: PTP Layer error 02ff: Error getting friendlyname.
Error 2: Error 02ff: PTP I/O Error
PTP: reading event an error 0x05 occurred
Device 0 (VID=2717 and PID=ff40) is a Xiaomi Mi-2s (id2) (MTP).
Android device detected, assigning default bug flags

(/usr/libexec/xdg-desktop-portal:3735): xdg-desktop-portal-WARNING **: 11:43:43.311: Caught PipeWire error: connection error

(/usr/libexec/xdg-desktop-portal:3735): xdg-desktop-portal-WARNING **: 11:43:43.314: Failed connect to PipeWire: Couldn't connect to PipeWire
[2m2026-04-08T15:43:43.372516Z[0m [33m WARN[0m [2mniri::backend::tty[0m[2m:[0m error queueing frame: The underlying drm surface encountered an error: DRM access error: Page flip commit failed on device `Some("/dev/dri/card0")` (Permission denied (os error 13))
[2m2026-04-08T15:43:43.372635Z[0m [34mDEBUG[0m [2mniri::backend::tty[0m[2m:[0m pausing session
[2m2026-04-08T15:43:44.327471Z[0m [32m INFO[0m [2mniri::utils::signals::platform[0m[2m:[0m quitting due to receiving signal SIGHUP
dbus-daemon[3724]: Reloaded configuration
[2m2026-04-08T15:43:44.337378Z[0m [34mDEBUG[0m [2mniri::utils::watcher[0m[2m:[0m exiting watcher thread for Regular { user_path: "/home/eleazar/.config/niri/config.kdl", system_path: "/etc/niri/config.kdl" }
dbus-daemon[3542]: [session uid=1000 pid=3542 pidfd=5] Reloaded configuration
--- INICIO DE SESIÓN: mié 08 abr 2026 11:44:18 -04 ---
[2m2026-04-08T15:44:19.986743Z[0m [32m INFO[0m [2mniri[0m[2m:[0m starting version 25.11 (b35bcae)
[2m2026-04-08T15:44:19.991116Z[0m [34mDEBUG[0m [2mniri_config[0m[2m:[0m loaded config from "/home/eleazar/.config/niri/config.kdl"
[2m2026-04-08T15:44:20.377751Z[0m [32m INFO[0m [2mniri::backend::tty[0m[2m:[0m using as the render node: "/dev/dri/renderD128"
[2m2026-04-08T15:44:20.415613Z[0m [34mDEBUG[0m [2mniri::backend::tty[0m[2m:[0m adding device: 57856 "/dev/dri/card0"
[2m2026-04-08T15:44:20.415650Z[0m [34mDEBUG[0m [2mniri::backend::tty[0m[2m:[0m this is the primary node
[2m2026-04-08T15:44:20.634722Z[0m [34mDEBUG[0m [2mniri::backend::tty[0m[2m:[0m got render node: renderD128
[2m2026-04-08T15:44:20.634739Z[0m [34mDEBUG[0m [2mniri::backend::tty[0m[2m:[0m initializing the primary renderer
[2m2026-04-08T15:44:20.676333Z[0m [33m WARN[0m [2mniri::backend::tty[0m[2m:[0m error binding wl-display in EGL: EglExtensionNotSupported(["EGL_WL_bind_wayland_display"])
[2m2026-04-08T15:44:20.685521Z[0m [34mDEBUG[0m [2mniri::backend::tty[0m[2m:[0m device changed: 57856
[2m2026-04-08T15:44:20.686552Z[0m [34mDEBUG[0m [2mniri::backend::tty[0m[2m:[0m new connector: DP-1 "Samsung Electric Company S19B300 HTHC402609"
[2m2026-04-08T15:44:20.686687Z[0m [34mDEBUG[0m [2mniri::backend::tty[0m[2m:[0m connecting connector: DP-1
[2m2026-04-08T15:44:20.686704Z[0m [34mDEBUG[0m [2mniri::backend::tty[0m[2m:[0m picking mode: Mode { name: "1366x768", clock: 85500, size: (1366, 768), hsync: (1436, 1579, 1792), vsync: (771, 774, 798), hskew: 0, vscan: 0, vrefresh: 60, mode_type: ModeTypeFlags(PREFERRED | DRIVER) }
[2m2026-04-08T15:44:20.701300Z[0m [34mDEBUG[0m [2mniri::niri[0m[2m:[0m putting output DP-1 at x=0 y=0
[2m2026-04-08T15:44:20.701353Z[0m [32m INFO[0m [2mniri[0m[2m:[0m listening on Wayland socket: wayland-1
[2m2026-04-08T15:44:20.701359Z[0m [32m INFO[0m [2mniri[0m[2m:[0m IPC listening on: /run/user/1000/niri.wayland-1.3489.sock
[2m2026-04-08T15:44:20.712831Z[0m [32m INFO[0m [2mniri[0m[2m:[0m listening on X11 socket: :0
[2m2026-04-08T15:44:20.716455Z[0m [33m WARN[0m [2mniri::dbus::freedesktop_locale1[0m[2m:[0m error receiving initial properties: ServiceUnknown("The name org.freedesktop.locale1 was not provided by any .service files")
dbus-daemon[3488]: [session uid=1000 pid=3488 pidfd=5] Activating service name='org.gtk.vfs.Daemon' requested by ':1.1' (uid=1000 pid=3622 comm="wireplumber")
dbus-daemon[3488]: [session uid=1000 pid=3488 pidfd=5] Successfully activated service 'org.gtk.vfs.Daemon'
fusermount3: failed to access mountpoint /run/user/1000/gvfs: Permission denied
dbus-daemon[3488]: [session uid=1000 pid=3488 pidfd=5] Activating service name='org.a11y.Bus' requested by ':1.6' (uid=1000 pid=3613 comm="/usr/libexec/polkit-gnome-authentication-agent-1")
dbus-daemon[3488]: [session uid=1000 pid=3488 pidfd=5] Successfully activated service 'org.a11y.Bus'
dbus-daemon[3488]: [session uid=1000 pid=3488 pidfd=5] Activating service name='org.freedesktop.portal.Desktop' requested by ':1.9' (uid=1000 pid=3615 comm="openrgb --startminimized")
dbus-daemon[3669]: Activating service name='org.a11y.atspi.Registry' requested by ':1.0' (uid=1000 pid=3613 comm="/usr/libexec/polkit-gnome-authentication-agent-1")
dbus-daemon[3488]: [session uid=1000 pid=3488 pidfd=5] Activating service name='org.freedesktop.impl.portal.PermissionStore' requested by ':1.12' (dbus-daemon[3669]: uid=1000 pid=3674 comm="/usr/libexec/xdg-desktop-portal")Successfully activated service 'org.a11y.atspi.Registry'

SpiRegistry daemon is running with well-known name - org.a11y.atspi.Registry
dbus-daemon[3488]: [session uid=1000 pid=3488 pidfd=5] Successfully activated service 'org.freedesktop.impl.portal.PermissionStore'
dbus-daemon[3488]: [session uid=1000 pid=3488 pidfd=5] Activating service name='org.freedesktop.portal.Documents' requested by ':1.12' (uid=1000 pid=3674 comm="/usr/libexec/xdg-desktop-portal")
dbus-daemon[3488]: [session uid=1000 pid=3488 pidfd=5] Successfully activated service 'org.freedesktop.portal.Documents'
dbus-daemon[3488]: [session uid=1000 pid=3488 pidfd=5] Activating service name='org.freedesktop.impl.portal.desktop.gtk' requested by ':1.12' (uid=1000 pid=3674 comm="/usr/libexec/xdg-desktop-portal")

(xdg-desktop-portal-gtk:3751): Gtk-WARNING **: 11:44:20.903: cannot open display: 
dbus-daemon[3488]: [session uid=1000 pid=3488 pidfd=5] Activated service 'org.freedesktop.impl.portal.desktop.gtk' failed: Process org.freedesktop.impl.portal.desktop.gtk exited with status 1

(/usr/libexec/xdg-desktop-portal:3674): xdg-desktop-portal-WARNING **: 11:44:20.904: Failed to create settings proxy: Error al llamar StartSereviceByName para org.freedesktop.impl.portal.desktop.gtk: Process org.freedesktop.impl.portal.desktop.gtk exited with status 1

(/usr/libexec/xdg-desktop-portal:3674): xdg-desktop-portal-WARNING **: 11:44:20.904: No skeleton to export
dbus-daemon[3488]: [session uid=1000 pid=3488 pidfd=5] Activating service name='org.freedesktop.impl.portal.desktop.gtk' requested by ':1.12' (uid=1000 pid=3674 comm="/usr/libexec/xdg-desktop-portal")

(xdg-desktop-portal-gtk:3768): Gtk-WARNING **: 11:44:20.913: cannot open display: 
dbus-daemon[3488]: [session uid=1000 pid=3488 pidfd=5] Activated service 'org.freedesktop.impl.portal.desktop.gtk' failed: Process org.freedesktop.impl.portal.desktop.gtk exited with status 1

(/usr/libexec/xdg-desktop-portal:3674): xdg-desktop-portal-WARNING **: 11:44:20.914: Failed to create file chooser proxy: Error al llamar StartSereviceByName para org.freedesktop.impl.portal.desktop.gtk: Process org.freedesktop.impl.portal.desktop.gtk exited with status 1

(/usr/libexec/xdg-desktop-portal:3674): xdg-desktop-portal-WARNING **: 11:44:20.914: No skeleton to export
dbus-daemon[3488]: [session uid=1000 pid=3488 pidfd=5] Activating service name='org.freedesktop.impl.portal.desktop.gtk' requested by ':1.12' (uid=1000 pid=3674 comm="/usr/libexec/xdg-desktop-portal")

(xdg-desktop-portal-gtk:3771): Gtk-WARNING **: 11:44:20.922: cannot open display: 
dbus-daemon[3488]: [session uid=1000 pid=3488 pidfd=5] Activated service 'org.freedesktop.impl.portal.desktop.gtk' failed: Process org.freedesktop.impl.portal.desktop.gtk exited with status 1

(/usr/libexec/xdg-desktop-portal:3674): xdg-desktop-portal-WARNING **: 11:44:20.923: Failed to create app chooser proxy: Error al llamar StartSereviceByName para org.freedesktop.impl.portal.desktop.gtk: Process org.freedesktop.impl.portal.desktop.gtk exited with status 1

(/usr/libexec/xdg-desktop-portal:3674): xdg-desktop-portal-WARNING **: 11:44:20.923: No skeleton to export
dbus-daemon[3488]: [session uid=1000 pid=3488 pidfd=5] Activating service name='org.freedesktop.impl.portal.desktop.gtk' requested by ':1.12' (uid=1000 pid=3674 comm="/usr/libexec/xdg-desktop-portal")

(xdg-desktop-portal-gtk:3774): Gtk-WARNING **: 11:44:20.931: cannot open display: 
dbus-daemon[3488]: [session uid=1000 pid=3488 pidfd=5] Activated service 'org.freedesktop.impl.portal.desktop.gtk' failed: Process org.freedesktop.impl.portal.desktop.gtk exited with status 1

(/usr/libexec/xdg-desktop-portal:3674): xdg-desktop-portal-WARNING **: 11:44:20.932: Failed to create print proxy: Error al llamar StartSereviceByName para org.freedesktop.impl.portal.desktop.gtk: Process org.freedesktop.impl.portal.desktop.gtk exited with status 1

(/usr/libexec/xdg-desktop-portal:3674): xdg-desktop-portal-WARNING **: 11:44:20.932: No skeleton to export
dbus-daemon[3488]: [session uid=1000 pid=3488 pidfd=5] Activating service name='org.freedesktop.impl.portal.desktop.gtk' requested by ':1.12' (uid=1000 pid=3674 comm="/usr/libexec/xdg-desktop-portal")

(xdg-desktop-portal-gtk:3780): Gtk-WARNING **: 11:44:20.940: cannot open display: 
dbus-daemon[3488]: [session uid=1000 pid=3488 pidfd=5] Activated service 'org.freedesktop.impl.portal.desktop.gtk' failed: Process org.freedesktop.impl.portal.desktop.gtk exited with status 1

(/usr/libexec/xdg-desktop-portal:3674): xdg-desktop-portal-WARNING **: 11:44:20.941: Failed to create notification proxy: Error al llamar StartSereviceByName para org.freedesktop.impl.portal.desktop.gtk: Process org.freedesktop.impl.portal.desktop.gtk exited with status 1

(/usr/libexec/xdg-desktop-portal:3674): xdg-desktop-portal-WARNING **: 11:44:20.941: No skeleton to export
dbus-daemon[3488]: [session uid=1000 pid=3488 pidfd=5] Activating service name='org.freedesktop.impl.portal.desktop.gtk' requested by ':1.12' (uid=1000 pid=3674 comm="/usr/libexec/xdg-desktop-portal")

(xdg-desktop-portal-gtk:3783): Gtk-WARNING **: 11:44:20.948: cannot open display: 
dbus-daemon[3488]: [session uid=1000 pid=3488 pidfd=5] Activated service 'org.freedesktop.impl.portal.desktop.gtk' failed: Process org.freedesktop.impl.portal.desktop.gtk exited with status 1

(/usr/libexec/xdg-desktop-portal:3674): xdg-desktop-portal-WARNING **: 11:44:20.949: Failed to create inhibit proxy: Error al llamar StartSereviceByName para org.freedesktop.impl.portal.desktop.gtk: Process org.freedesktop.impl.portal.desktop.gtk exited with status 1

(/usr/libexec/xdg-desktop-portal:3674): xdg-desktop-portal-WARNING **: 11:44:20.949: No skeleton to export
dbus-daemon[3488]: [session uid=1000 pid=3488 pidfd=5] Activating service name='org.freedesktop.impl.portal.desktop.gtk' requested by ':1.12' (uid=1000 pid=3674 comm="/usr/libexec/xdg-desktop-portal")

(xdg-desktop-portal-gtk:3787): Gtk-WARNING **: 11:44:20.960: cannot open display: 
dbus-daemon[3488]: [session uid=1000 pid=3488 pidfd=5] Activated service 'org.freedesktop.impl.portal.desktop.gtk' failed: Process org.freedesktop.impl.portal.desktop.gtk exited with status 1

(/usr/libexec/xdg-desktop-portal:3674): xdg-desktop-portal-WARNING **: 11:44:20.961: Failed to create access proxy: Error al llamar StartSereviceByName para org.freedesktop.impl.portal.desktop.gtk: Process org.freedesktop.impl.portal.desktop.gtk exited with status 1

(/usr/libexec/xdg-desktop-portal:3674): xdg-desktop-portal-WARNING **: 11:44:20.961: No skeleton to export
dbus-daemon[3488]: [session uid=1000 pid=3488 pidfd=5] Activating service name='org.freedesktop.impl.portal.desktop.gtk' requested by ':1.12' (uid=1000 pid=3674 comm="/usr/libexec/xdg-desktop-portal")

(xdg-desktop-portal-gtk:3792): Gtk-WARNING **: 11:44:20.969: cannot open display: 
dbus-daemon[3488]: [session uid=1000 pid=3488 pidfd=5] Activated service 'org.freedesktop.impl.portal.desktop.gtk' failed: Process org.freedesktop.impl.portal.desktop.gtk exited with status 1

(/usr/libexec/xdg-desktop-portal:3674): xdg-desktop-portal-WARNING **: 11:44:20.970: Failed to create account proxy: Error al llamar StartSereviceByName para org.freedesktop.impl.portal.desktop.gtk: Process org.freedesktop.impl.portal.desktop.gtk exited with status 1

(/usr/libexec/xdg-desktop-portal:3674): xdg-desktop-portal-WARNING **: 11:44:20.970: No skeleton to export
dbus-daemon[3488]: [session uid=1000 pid=3488 pidfd=5] Activating service name='org.freedesktop.impl.portal.desktop.gtk' requested by ':1.12' (uid=1000 pid=3674 comm="/usr/libexec/xdg-desktop-portal")

(xdg-desktop-portal-gtk:3798): Gtk-WARNING **: 11:44:20.977: cannot open display: 
dbus-daemon[3488]: [session uid=1000 pid=3488 pidfd=5] Activated service 'org.freedesktop.impl.portal.desktop.gtk' failed: Process org.freedesktop.impl.portal.desktop.gtk exited with status 1

(/usr/libexec/xdg-desktop-portal:3674): xdg-desktop-portal-WARNING **: 11:44:20.978: Failed to create email proxy: Error al llamar StartSereviceByName para org.freedesktop.impl.portal.desktop.gtk: Process org.freedesktop.impl.portal.desktop.gtk exited with status 1

(/usr/libexec/xdg-desktop-portal:3674): xdg-desktop-portal-WARNING **: 11:44:20.978: No skeleton to export
dbus-daemon[3488]: [session uid=1000 pid=3488 pidfd=5] Activating service name='org.freedesktop.impl.portal.desktop.gtk' requested by ':1.12' (uid=1000 pid=3674 comm="/usr/libexec/xdg-desktop-portal")

(xdg-desktop-portal-gtk:3802): Gtk-WARNING **: 11:44:20.985: cannot open display: 
dbus-daemon[3488]: [session uid=1000 pid=3488 pidfd=5] Activated service 'org.freedesktop.impl.portal.desktop.gtk' failed: Process org.freedesktop.impl.portal.desktop.gtk exited with status 1

(/usr/libexec/xdg-desktop-portal:3674): xdg-desktop-portal-WARNING **: 11:44:20.986: Failed to create dynamic_launcher proxy: Error al llamar StartSereviceByName para org.freedesktop.impl.portal.desktop.gtk: Process org.freedesktop.impl.portal.desktop.gtk exited with status 1

(/usr/libexec/xdg-desktop-portal:3674): xdg-desktop-portal-WARNING **: 11:44:20.986: No skeleton to export
dbus-daemon[3488]: [session uid=1000 pid=3488 pidfd=5] Successfully activated service 'org.freedesktop.portal.Desktop'
dbus-daemon[3488]: [session uid=1000 pid=3488 pidfd=5] Activating service name='org.bluez.obex' requested by ':1.14' (uid=1000 pid=3627 comm="/usr/bin/python3.13 /usr/bin/blueman-applet")
dbus-daemon[3488]: [session uid=1000 pid=3488 pidfd=5] Successfully activated service 'org.bluez.obex'
[2m2026-04-08T15:44:21.098264Z[0m [34mDEBUG[0m [2mniri_config[0m[2m:[0m loaded config from "/home/eleazar/.config/niri/config.kdl"
[2m2026-04-08T15:44:27.760151Z[0m [34mDEBUG[0m [2mniri_config[0m[2m:[0m loaded config from "/home/eleazar/.config/niri/config.kdl"
[2m2026-04-08T15:44:27.830646Z[0m [34mDEBUG[0m [2mniri_config[0m[2m:[0m loaded config from "/home/eleazar/.config/niri/config.kdl"
[2m2026-04-08T15:57:21.176513Z[0m [34mDEBUG[0m [2mniri::backend::tty[0m[2m:[0m pausing session

(/usr/libexec/xdg-desktop-portal:3674): xdg-desktop-portal-WARNING **: 11:57:21.177: Caught PipeWire error: connection error

(/usr/libexec/xdg-desktop-portal:3674): xdg-desktop-portal-WARNING **: 11:57:21.181: Failed connect to PipeWire: Couldn't connect to PipeWire
[2m2026-04-08T15:57:22.230217Z[0m [32m INFO[0m [2mniri::utils::signals::platform[0m[2m:[0m quitting due to receiving signal SIGHUP
dbus-daemon[3669]: Reloaded configuration
dbus-daemon[3488]: [session uid=1000 pid=3488 pidfd=5] Reloaded configuration
[2m2026-04-08T15:57:22.241200Z[0m [34mDEBUG[0m [2mniri::utils::watcher[0m[2m:[0m exiting watcher thread for Regular { user_path: "/home/eleazar/.config/niri/config.kdl", system_path: "/etc/niri/config.kdl" }
--- INICIO DE SESIÓN: mié 08 abr 2026 11:57:55 -04 ---
[2m2026-04-08T15:57:56.386335Z[0m [32m INFO[0m [2mniri[0m[2m:[0m starting version 25.11 (b35bcae)
[2m2026-04-08T15:57:56.390361Z[0m [34mDEBUG[0m [2mniri_config[0m[2m:[0m loaded config from "/home/eleazar/.config/niri/config.kdl"
[2m2026-04-08T15:57:56.884039Z[0m [32m INFO[0m [2mniri::backend::tty[0m[2m:[0m using as the render node: "/dev/dri/renderD128"
[2m2026-04-08T15:57:56.921694Z[0m [34mDEBUG[0m [2mniri::backend::tty[0m[2m:[0m adding device: 57856 "/dev/dri/card0"
[2m2026-04-08T15:57:56.921728Z[0m [34mDEBUG[0m [2mniri::backend::tty[0m[2m:[0m this is the primary node
[2m2026-04-08T15:57:57.156999Z[0m [34mDEBUG[0m [2mniri::backend::tty[0m[2m:[0m got render node: renderD128
[2m2026-04-08T15:57:57.157014Z[0m [34mDEBUG[0m [2mniri::backend::tty[0m[2m:[0m initializing the primary renderer
[2m2026-04-08T15:57:57.198065Z[0m [33m WARN[0m [2mniri::backend::tty[0m[2m:[0m error binding wl-display in EGL: EglExtensionNotSupported(["EGL_WL_bind_wayland_display"])
[2m2026-04-08T15:57:57.207362Z[0m [34mDEBUG[0m [2mniri::backend::tty[0m[2m:[0m device changed: 57856
[2m2026-04-08T15:57:57.208460Z[0m [34mDEBUG[0m [2mniri::backend::tty[0m[2m:[0m new connector: DP-1 "Samsung Electric Company S19B300 HTHC402609"
[2m2026-04-08T15:57:57.208610Z[0m [34mDEBUG[0m [2mniri::backend::tty[0m[2m:[0m connecting connector: DP-1
[2m2026-04-08T15:57:57.208628Z[0m [34mDEBUG[0m [2mniri::backend::tty[0m[2m:[0m picking mode: Mode { name: "1366x768", clock: 85500, size: (1366, 768), hsync: (1436, 1579, 1792), vsync: (771, 774, 798), hskew: 0, vscan: 0, vrefresh: 60, mode_type: ModeTypeFlags(PREFERRED | DRIVER) }
[2m2026-04-08T15:57:57.228233Z[0m [34mDEBUG[0m [2mniri::niri[0m[2m:[0m putting output DP-1 at x=0 y=0
[2m2026-04-08T15:57:57.228284Z[0m [32m INFO[0m [2mniri[0m[2m:[0m listening on Wayland socket: wayland-1
[2m2026-04-08T15:57:57.228291Z[0m [32m INFO[0m [2mniri[0m[2m:[0m IPC listening on: /run/user/1000/niri.wayland-1.3196.sock
[2m2026-04-08T15:57:57.239194Z[0m [32m INFO[0m [2mniri[0m[2m:[0m listening on X11 socket: :0
[2m2026-04-08T15:57:57.243225Z[0m [33m WARN[0m [2mniri::dbus::freedesktop_locale1[0m[2m:[0m error receiving initial properties: ServiceUnknown("The name org.freedesktop.locale1 was not provided by any .service files")
dbus-daemon[3195]: [session uid=1000 pid=3195 pidfd=5] Activating service name='org.gtk.vfs.Daemon' requested by ':1.1' (uid=1000 pid=3285 comm="wireplumber")
dbus-daemon[3195]: [session uid=1000 pid=3195 pidfd=5] Successfully activated service 'org.gtk.vfs.Daemon'
fusermount3: failed to access mountpoint /run/user/1000/gvfs: Permission denied
dbus-daemon[3195]: [session uid=1000 pid=3195 pidfd=5] Activating service name='org.a11y.Bus' requested by ':1.6' (uid=1000 pid=3293 comm="nm-applet --indicator")
dbus-daemon[3195]: [session uid=1000 pid=3195 pidfd=5] Successfully activated service 'org.a11y.Bus'
dbus-daemon[3195]: [session uid=1000 pid=3195 pidfd=5] Activating service name='org.freedesktop.portal.Desktop' requested by ':1.9' (uid=1000 pid=3299 comm="openrgb --startminimized")
dbus-daemon[3338]: Activating service name='org.a11y.atspi.Registry' requested by ':1.1' (uid=1000 pid=3282 comm="/usr/libexec/polkit-gnome-authentication-agent-1")
dbus-daemon[3195]: [session uid=1000 pid=3195 pidfd=5] Activating service name='org.freedesktop.impl.portal.PermissionStore' requested by ':1.12' (uid=1000 pid=3343 comm="/usr/libexec/xdg-desktop-portal")
dbus-daemon[3195]: [session uid=1000 pid=3195 pidfd=5] Successfully activated service 'org.freedesktop.impl.portal.PermissionStore'
dbus-daemon[3195]: dbus-daemon[3338]: [session uid=1000 pid=3195 pidfd=5] Activating service name='org.freedesktop.portal.Documents' requested by ':1.12' (uid=1000 piSuccessfully activated service 'org.a11y.atspi.Registry'd=3343 comm="/usr/libexec/xdg-desktop-portal")

SpiRegistry daemon is running with well-known name - org.a11y.atspi.Registry
dbus-daemon[3195]: [session uid=1000 pid=3195 pidfd=5] Successfully activated service 'org.freedesktop.portal.Documents'
dbus-daemon[3195]: [session uid=1000 pid=3195 pidfd=5] Activating service name='org.freedesktop.impl.portal.desktop.gtk' requested by ':1.12' (uid=1000 pid=3343 comm="/usr/libexec/xdg-desktop-portal")

(xdg-desktop-portal-gtk:3420): Gtk-WARNING **: 11:57:57.450: cannot open display: 
dbus-daemon[3195]: [session uid=1000 pid=3195 pidfd=5] Activated service 'org.freedesktop.impl.portal.desktop.gtk' failed: Process org.freedesktop.impl.portal.desktop.gtk exited with status 1

(/usr/libexec/xdg-desktop-portal:3343): xdg-desktop-portal-WARNING **: 11:57:57.452: Failed to create settings proxy: Error al llamar StartSereviceByName para org.freedesktop.impl.portal.desktop.gtk: Process org.freedesktop.impl.portal.desktop.gtk exited with status 1

(/usr/libexec/xdg-desktop-portal:3343): xdg-desktop-portal-WARNING **: 11:57:57.452: No skeleton to export
dbus-daemon[3195]: [session uid=1000 pid=3195 pidfd=5] Activating service name='org.freedesktop.impl.portal.desktop.gtk' requested by ':1.12' (uid=1000 pid=3343 comm="/usr/libexec/xdg-desktop-portal")

(xdg-desktop-portal-gtk:3437): Gtk-WARNING **: 11:57:57.461: cannot open display: 
dbus-daemon[3195]: [session uid=1000 pid=3195 pidfd=5] Activated service 'org.freedesktop.impl.portal.desktop.gtk' failed: Process org.freedesktop.impl.portal.desktop.gtk exited with status 1

(/usr/libexec/xdg-desktop-portal:3343): xdg-desktop-portal-WARNING **: 11:57:57.462: Failed to create file chooser proxy: Error al llamar StartSereviceByName para org.freedesktop.impl.portal.desktop.gtk: Process org.freedesktop.impl.portal.desktop.gtk exited with status 1

(/usr/libexec/xdg-desktop-portal:3343): xdg-desktop-portal-WARNING **: 11:57:57.462: No skeleton to export
dbus-daemon[3195]: [session uid=1000 pid=3195 pidfd=5] Activating service name='org.freedesktop.impl.portal.desktop.gtk' requested by ':1.12' (uid=1000 pid=3343 comm="/usr/libexec/xdg-desktop-portal")

(xdg-desktop-portal-gtk:3440): Gtk-WARNING **: 11:57:57.471: cannot open display: 
dbus-daemon[3195]: [session uid=1000 pid=3195 pidfd=5] Activated service 'org.freedesktop.impl.portal.desktop.gtk' failed: Process org.freedesktop.impl.portal.desktop.gtk exited with status 1

(/usr/libexec/xdg-desktop-portal:3343): xdg-desktop-portal-WARNING **: 11:57:57.472: Failed to create app chooser proxy: Error al llamar StartSereviceByName para org.freedesktop.impl.portal.desktop.gtk: Process org.freedesktop.impl.portal.desktop.gtk exited with status 1

(/usr/libexec/xdg-desktop-portal:3343): xdg-desktop-portal-WARNING **: 11:57:57.472: No skeleton to export
dbus-daemon[3195]: [session uid=1000 pid=3195 pidfd=5] Activating service name='org.freedesktop.impl.portal.desktop.gtk' requested by ':1.12' (uid=1000 pid=3343 comm="/usr/libexec/xdg-desktop-portal")

(xdg-desktop-portal-gtk:3443): Gtk-WARNING **: 11:57:57.480: cannot open display: 
dbus-daemon[3195]: [session uid=1000 pid=3195 pidfd=5] Activated service 'org.freedesktop.impl.portal.desktop.gtk' failed: Process org.freedesktop.impl.portal.desktop.gtk exited with status 1

(/usr/libexec/xdg-desktop-portal:3343): xdg-desktop-portal-WARNING **: 11:57:57.481: Failed to create print proxy: Error al llamar StartSereviceByName para org.freedesktop.impl.portal.desktop.gtk: Process org.freedesktop.impl.portal.desktop.gtk exited with status 1

(/usr/libexec/xdg-desktop-portal:3343): xdg-desktop-portal-WARNING **: 11:57:57.481: No skeleton to export
dbus-daemon[3195]: [session uid=1000 pid=3195 pidfd=5] Activating service name='org.freedesktop.impl.portal.desktop.gtk' requested by ':1.12' (uid=1000 pid=3343 comm="/usr/libexec/xdg-desktop-portal")

(xdg-desktop-portal-gtk:3448): Gtk-WARNING **: 11:57:57.488: cannot open display: 
dbus-daemon[3195]: [session uid=1000 pid=3195 pidfd=5] Activated service 'org.freedesktop.impl.portal.desktop.gtk' failed: Process org.freedesktop.impl.portal.desktop.gtk exited with status 1

(/usr/libexec/xdg-desktop-portal:3343): xdg-desktop-portal-WARNING **: 11:57:57.490: Failed to create notification proxy: Error al llamar StartSereviceByName para org.freedesktop.impl.portal.desktop.gtk: Process org.freedesktop.impl.portal.desktop.gtk exited with status 1

(/usr/libexec/xdg-desktop-portal:3343): xdg-desktop-portal-WARNING **: 11:57:57.490: No skeleton to export
dbus-daemon[3195]: [session uid=1000 pid=3195 pidfd=5] Activating service name='org.freedesktop.impl.portal.desktop.gtk' requested by ':1.12' (uid=1000 pid=3343 comm="/usr/libexec/xdg-desktop-portal")

(xdg-desktop-portal-gtk:3451): Gtk-WARNING **: 11:57:57.497: cannot open display: 
dbus-daemon[3195]: [session uid=1000 pid=3195 pidfd=5] Activated service 'org.freedesktop.impl.portal.desktop.gtk' failed: Process org.freedesktop.impl.portal.desktop.gtk exited with status 1

(/usr/libexec/xdg-desktop-portal:3343): xdg-desktop-portal-WARNING **: 11:57:57.499: Failed to create inhibit proxy: Error al llamar StartSereviceByName para org.freedesktop.impl.portal.desktop.gtk: Process org.freedesktop.impl.portal.desktop.gtk exited with status 1

(/usr/libexec/xdg-desktop-portal:3343): xdg-desktop-portal-WARNING **: 11:57:57.499: No skeleton to export
dbus-daemon[3195]: [session uid=1000 pid=3195 pidfd=5] Activating service name='org.freedesktop.impl.portal.desktop.gtk' requested by ':1.12' (uid=1000 pid=3343 comm="/usr/libexec/xdg-desktop-portal")

(xdg-desktop-portal-gtk:3456): Gtk-WARNING **: 11:57:57.510: cannot open display: 
dbus-daemon[3195]: [session uid=1000 pid=3195 pidfd=5] Activated service 'org.freedesktop.impl.portal.desktop.gtk' failed: Process org.freedesktop.impl.portal.desktop.gtk exited with status 1

(/usr/libexec/xdg-desktop-portal:3343): xdg-desktop-portal-WARNING **: 11:57:57.511: Failed to create access proxy: Error al llamar StartSereviceByName para org.freedesktop.impl.portal.desktop.gtk: Process org.freedesktop.impl.portal.desktop.gtk exited with status 1

(/usr/libexec/xdg-desktop-portal:3343): xdg-desktop-portal-WARNING **: 11:57:57.511: No skeleton to export
dbus-daemon[3195]: [session uid=1000 pid=3195 pidfd=5] Activating service name='org.freedesktop.impl.portal.desktop.gtk' requested by ':1.12' (uid=1000 pid=3343 comm="/usr/libexec/xdg-desktop-portal")

(xdg-desktop-portal-gtk:3464): Gtk-WARNING **: 11:57:57.519: cannot open display: 
dbus-daemon[3195]: [session uid=1000 pid=3195 pidfd=5] Activated service 'org.freedesktop.impl.portal.desktop.gtk' failed: Process org.freedesktop.impl.portal.desktop.gtk exited with status 1

(/usr/libexec/xdg-desktop-portal:3343): xdg-desktop-portal-WARNING **: 11:57:57.521: Failed to create account proxy: Error al llamar StartSereviceByName para org.freedesktop.impl.portal.desktop.gtk: Process org.freedesktop.impl.portal.desktop.gtk exited with status 1

(/usr/libexec/xdg-desktop-portal:3343): xdg-desktop-portal-WARNING **: 11:57:57.521: No skeleton to export
dbus-daemon[3195]: [session uid=1000 pid=3195 pidfd=5] Activating service name='org.freedesktop.impl.portal.desktop.gtk' requested by ':1.12' (uid=1000 pid=3343 comm="/usr/libexec/xdg-desktop-portal")

(xdg-desktop-portal-gtk:3467): Gtk-WARNING **: 11:57:57.528: cannot open display: 
dbus-daemon[3195]: [session uid=1000 pid=3195 pidfd=5] Activated service 'org.freedesktop.impl.portal.desktop.gtk' failed: Process org.freedesktop.impl.portal.desktop.gtk exited with status 1

(/usr/libexec/xdg-desktop-portal:3343): xdg-desktop-portal-WARNING **: 11:57:57.529: Failed to create email proxy: Error al llamar StartSereviceByName para org.freedesktop.impl.portal.desktop.gtk: Process org.freedesktop.impl.portal.desktop.gtk exited with status 1

(/usr/libexec/xdg-desktop-portal:3343): xdg-desktop-portal-WARNING **: 11:57:57.529: No skeleton to export
dbus-daemon[3195]: [session uid=1000 pid=3195 pidfd=5] Activating service name='org.freedesktop.impl.portal.desktop.gtk' requested by ':1.12' (uid=1000 pid=3343 comm="/usr/libexec/xdg-desktop-portal")

(xdg-desktop-portal-gtk:3471): Gtk-WARNING **: 11:57:57.537: cannot open display: 
dbus-daemon[3195]: [session uid=1000 pid=3195 pidfd=5] Activated service 'org.freedesktop.impl.portal.desktop.gtk' failed: Process org.freedesktop.impl.portal.desktop.gtk exited with status 1

(/usr/libexec/xdg-desktop-portal:3343): xdg-desktop-portal-WARNING **: 11:57:57.538: Failed to create dynamic_launcher proxy: Error al llamar StartSereviceByName para org.freedesktop.impl.portal.desktop.gtk: Process org.freedesktop.impl.portal.desktop.gtk exited with status 1

(/usr/libexec/xdg-desktop-portal:3343): xdg-desktop-portal-WARNING **: 11:57:57.538: No skeleton to export
dbus-daemon[3195]: [session uid=1000 pid=3195 pidfd=5] Successfully activated service 'org.freedesktop.portal.Desktop'
dbus-daemon[3195]: [session uid=1000 pid=3195 pidfd=5] Activating service name='org.bluez.obex' requested by ':1.11' (uid=1000 pid=3280 comm="/usr/bin/python3.13 /usr/bin/blueman-applet")
dbus-daemon[3195]: [session uid=1000 pid=3195 pidfd=5] Successfully activated service 'org.bluez.obex'
[2m2026-04-08T15:57:57.646643Z[0m [34mDEBUG[0m [2mniri_config[0m[2m:[0m loaded config from "/home/eleazar/.config/niri/config.kdl"
[2m2026-04-08T16:11:01.936264Z[0m [34mDEBUG[0m [2mniri::backend::tty[0m[2m:[0m pausing session

(/usr/libexec/xdg-desktop-portal:3343): xdg-desktop-portal-WARNING **: 12:11:01.938: Caught PipeWire error: connection error

(/usr/libexec/xdg-desktop-portal:3343): xdg-desktop-portal-WARNING **: 12:11:01.940: Failed connect to PipeWire: Couldn't connect to PipeWire
[2m2026-04-08T16:11:03.282393Z[0m [32m INFO[0m [2mniri::utils::signals::platform[0m[2m:[0m quitting due to receiving signal SIGHUP
dbus-daemon[3338]: Reloaded configuration
[2m2026-04-08T16:11:03.291069Z[0m [34mDEBUG[0m [2mniri::utils::watcher[0m[2m:[0m exiting watcher thread for Regular { user_path: "/home/eleazar/.config/niri/config.kdl", system_path: "/etc/niri/config.kdl" }
dbus-daemon[3195]: [session uid=1000 pid=3195 pidfd=5] Reloaded configuration
--- INICIO DE SESIÓN: mié 08 abr 2026 12:11:37 -04 ---
[2m2026-04-08T16:11:38.745622Z[0m [32m INFO[0m [2mniri[0m[2m:[0m starting version 25.11 (b35bcae)
[2m2026-04-08T16:11:38.749876Z[0m [34mDEBUG[0m [2mniri_config[0m[2m:[0m loaded config from "/home/eleazar/.config/niri/config.kdl"
[2m2026-04-08T16:11:39.239457Z[0m [32m INFO[0m [2mniri::backend::tty[0m[2m:[0m using as the render node: "/dev/dri/renderD128"
[2m2026-04-08T16:11:39.277484Z[0m [34mDEBUG[0m [2mniri::backend::tty[0m[2m:[0m adding device: 57856 "/dev/dri/card0"
[2m2026-04-08T16:11:39.277517Z[0m [34mDEBUG[0m [2mniri::backend::tty[0m[2m:[0m this is the primary node
[2m2026-04-08T16:11:39.496132Z[0m [34mDEBUG[0m [2mniri::backend::tty[0m[2m:[0m got render node: renderD128
[2m2026-04-08T16:11:39.496149Z[0m [34mDEBUG[0m [2mniri::backend::tty[0m[2m:[0m initializing the primary renderer
[2m2026-04-08T16:11:39.535770Z[0m [33m WARN[0m [2mniri::backend::tty[0m[2m:[0m error binding wl-display in EGL: EglExtensionNotSupported(["EGL_WL_bind_wayland_display"])
[2m2026-04-08T16:11:39.545348Z[0m [34mDEBUG[0m [2mniri::backend::tty[0m[2m:[0m device changed: 57856
[2m2026-04-08T16:11:39.546361Z[0m [34mDEBUG[0m [2mniri::backend::tty[0m[2m:[0m new connector: DP-1 "Samsung Electric Company S19B300 HTHC402609"
[2m2026-04-08T16:11:39.546497Z[0m [34mDEBUG[0m [2mniri::backend::tty[0m[2m:[0m connecting connector: DP-1
[2m2026-04-08T16:11:39.546514Z[0m [34mDEBUG[0m [2mniri::backend::tty[0m[2m:[0m picking mode: Mode { name: "1366x768", clock: 85500, size: (1366, 768), hsync: (1436, 1579, 1792), vsync: (771, 774, 798), hskew: 0, vscan: 0, vrefresh: 60, mode_type: ModeTypeFlags(PREFERRED | DRIVER) }
[2m2026-04-08T16:11:39.564518Z[0m [34mDEBUG[0m [2mniri::niri[0m[2m:[0m putting output DP-1 at x=0 y=0
[2m2026-04-08T16:11:39.564591Z[0m [32m INFO[0m [2mniri[0m[2m:[0m listening on Wayland socket: wayland-1
[2m2026-04-08T16:11:39.564597Z[0m [32m INFO[0m [2mniri[0m[2m:[0m IPC listening on: /run/user/1000/niri.wayland-1.3084.sock
[2m2026-04-08T16:11:39.575475Z[0m [32m INFO[0m [2mniri[0m[2m:[0m listening on X11 socket: :0
[2m2026-04-08T16:11:39.578900Z[0m [33m WARN[0m [2mniri::dbus::freedesktop_locale1[0m[2m:[0m error receiving initial properties: ServiceUnknown("The name org.freedesktop.locale1 was not provided by any .service files")
dbus-daemon[3083]: [session uid=1000 pid=3083 pidfd=5] Activating service name='org.gtk.vfs.Daemon' requested by ':1.1' (uid=1000 pid=3311 comm="wireplumber")
dbus-daemon[3083]: [session uid=1000 pid=3083 pidfd=5] Successfully activated service 'org.gtk.vfs.Daemon'
fusermount3: failed to access mountpoint /run/user/1000/gvfs: Permission denied
dbus-daemon[3083]: [session uid=1000 pid=3083 pidfd=5] Activating service name='org.a11y.Bus' requested by ':1.6' (uid=1000 pid=3322 comm="nm-applet --indicator")
dbus-daemon[3083]: [session uid=1000 pid=3083 pidfd=5] Successfully activated service 'org.a11y.Bus'
dbus-daemon[3083]: [session uid=1000 pid=3083 pidfd=5] Activating service name='org.freedesktop.portal.Desktop' requested by ':1.9' (uid=1000 pid=3314 comm="openrgb --startminimized")
dbus-daemon[3083]: [session uid=1000 pid=3083 pidfd=5] Activating service name='org.freedesktop.impl.portal.PermissionStore' requested by ':1.11' (uid=1000 pid=3371 comm="/usr/libexec/xdg-desktop-portal")
dbus-daemon[3083]: [session uid=1000 pid=3083 pidfd=5] Successfully activated service 'org.freedesktop.impl.portal.PermissionStore'
dbus-daemon[3083]: [session uid=1000 pid=3083 pidfd=5] Activating service name='org.freedesktop.portal.Documents' requested by ':1.11' (uid=1000 pid=3371 comm="/usr/libexec/xdg-desktop-portal")
dbus-daemon[3083]: [session uid=1000 pid=3083 pidfd=5] Successfully activated service 'org.freedesktop.portal.Documents'
dbus-daemon[3083]: [session uid=1000 pid=3083 pidfd=5] Activating service name='org.freedesktop.impl.portal.desktop.gtk' requested by ':1.11' (uid=1000 pid=3371 comm="/usr/libexec/xdg-desktop-portal")
dbus-daemon[3368]: Activating service name='org.a11y.atspi.Registry' requested by ':1.1' (uid=1000 pid=3322 comm="nm-applet --indicator")

(xdg-desktop-portal-gtk:3433): Gtk-WARNING **: 12:11:39.772: cannot open display: 
dbus-daemon[3083]: [session uid=1000 pid=3083 pidfd=5] Activated service 'org.freedesktop.impl.portal.desktop.gtk' failed: Process org.freedesktop.impl.portal.desktop.gtk exited with status 1

(/usr/libexec/xdg-desktop-portal:3371): xdg-desktop-portal-WARNING **: 12:11:39.774: Failed to create settings proxy: Error al llamar StartSereviceByName para org.freedesktop.impl.portal.desktop.gtk: Process org.freedesktop.impl.portal.desktop.gtk exited with status 1

(/usr/libexec/xdg-desktop-portal:3371): xdg-desktop-portal-WARNING **: 12:11:39.774: No skeleton to export
dbus-daemon[3083]: [session uid=1000 pid=3083 pidfd=5] Activating service name='org.freedesktop.impl.portal.desktop.gtk' requested by ':1.11' (uid=1000 pid=3371 comm="/usr/libexec/xdg-desktop-portal")
dbus-daemon[3368]: Successfully activated service 'org.a11y.atspi.Registry'
SpiRegistry daemon is running with well-known name - org.a11y.atspi.Registry

(xdg-desktop-portal-gtk:3462): Gtk-WARNING **: 12:11:39.784: cannot open display: 
dbus-daemon[3083]: [session uid=1000 pid=3083 pidfd=5] Activated service 'org.freedesktop.impl.portal.desktop.gtk' failed: Process org.freedesktop.impl.portal.desktop.gtk exited with status 1

(/usr/libexec/xdg-desktop-portal:3371): xdg-desktop-portal-WARNING **: 12:11:39.785: Failed to create file chooser proxy: Error al llamar StartSereviceByName para org.freedesktop.impl.portal.desktop.gtk: Process org.freedesktop.impl.portal.desktop.gtk exited with status 1

(/usr/libexec/xdg-desktop-portal:3371): xdg-desktop-portal-WARNING **: 12:11:39.785: No skeleton to export
dbus-daemon[3083]: [session uid=1000 pid=3083 pidfd=5] Activating service name='org.freedesktop.impl.portal.desktop.gtk' requested by ':1.11' (uid=1000 pid=3371 comm="/usr/libexec/xdg-desktop-portal")

(xdg-desktop-portal-gtk:3468): Gtk-WARNING **: 12:11:39.793: cannot open display: 
dbus-daemon[3083]: [session uid=1000 pid=3083 pidfd=5] Activated service 'org.freedesktop.impl.portal.desktop.gtk' failed: Process org.freedesktop.impl.portal.desktop.gtk exited with status 1

(/usr/libexec/xdg-desktop-portal:3371): xdg-desktop-portal-WARNING **: 12:11:39.795: Failed to create app chooser proxy: Error al llamar StartSereviceByName para org.freedesktop.impl.portal.desktop.gtk: Process org.freedesktop.impl.portal.desktop.gtk exited with status 1

(/usr/libexec/xdg-desktop-portal:3371): xdg-desktop-portal-WARNING **: 12:11:39.795: No skeleton to export
dbus-daemon[3083]: [session uid=1000 pid=3083 pidfd=5] Activating service name='org.freedesktop.impl.portal.desktop.gtk' requested by ':1.11' (uid=1000 pid=3371 comm="/usr/libexec/xdg-desktop-portal")

(xdg-desktop-portal-gtk:3471): Gtk-WARNING **: 12:11:39.802: cannot open display: 
dbus-daemon[3083]: [session uid=1000 pid=3083 pidfd=5] Activated service 'org.freedesktop.impl.portal.desktop.gtk' failed: Process org.freedesktop.impl.portal.desktop.gtk exited with status 1

(/usr/libexec/xdg-desktop-portal:3371): xdg-desktop-portal-WARNING **: 12:11:39.804: Failed to create print proxy: Error al llamar StartSereviceByName para org.freedesktop.impl.portal.desktop.gtk: Process org.freedesktop.impl.portal.desktop.gtk exited with status 1

(/usr/libexec/xdg-desktop-portal:3371): xdg-desktop-portal-WARNING **: 12:11:39.804: No skeleton to export
dbus-daemon[3083]: [session uid=1000 pid=3083 pidfd=5] Activating service name='org.freedesktop.impl.portal.desktop.gtk' requested by ':1.11' (uid=1000 pid=3371 comm="/usr/libexec/xdg-desktop-portal")

(xdg-desktop-portal-gtk:3476): Gtk-WARNING **: 12:11:39.811: cannot open display: 
dbus-daemon[3083]: [session uid=1000 pid=3083 pidfd=5] Activated service 'org.freedesktop.impl.portal.desktop.gtk' failed: Process org.freedesktop.impl.portal.desktop.gtk exited with status 1

(/usr/libexec/xdg-desktop-portal:3371): xdg-desktop-portal-WARNING **: 12:11:39.813: Failed to create notification proxy: Error al llamar StartSereviceByName para org.freedesktop.impl.portal.desktop.gtk: Process org.freedesktop.impl.portal.desktop.gtk exited with status 1

(/usr/libexec/xdg-desktop-portal:3371): xdg-desktop-portal-WARNING **: 12:11:39.813: No skeleton to export
dbus-daemon[3083]: [session uid=1000 pid=3083 pidfd=5] Activating service name='org.freedesktop.impl.portal.desktop.gtk' requested by ':1.11' (uid=1000 pid=3371 comm="/usr/libexec/xdg-desktop-portal")

(xdg-desktop-portal-gtk:3479): Gtk-WARNING **: 12:11:39.820: cannot open display: 
dbus-daemon[3083]: [session uid=1000 pid=3083 pidfd=5] Activated service 'org.freedesktop.impl.portal.desktop.gtk' failed: Process org.freedesktop.impl.portal.desktop.gtk exited with status 1

(/usr/libexec/xdg-desktop-portal:3371): xdg-desktop-portal-WARNING **: 12:11:39.821: Failed to create inhibit proxy: Error al llamar StartSereviceByName para org.freedesktop.impl.portal.desktop.gtk: Process org.freedesktop.impl.portal.desktop.gtk exited with status 1

(/usr/libexec/xdg-desktop-portal:3371): xdg-desktop-portal-WARNING **: 12:11:39.821: No skeleton to export
dbus-daemon[3083]: [session uid=1000 pid=3083 pidfd=5] Activating service name='org.freedesktop.impl.portal.desktop.gtk' requested by ':1.11' (uid=1000 pid=3371 comm="/usr/libexec/xdg-desktop-portal")

(xdg-desktop-portal-gtk:3484): Gtk-WARNING **: 12:11:39.833: cannot open display: 
dbus-daemon[3083]: [session uid=1000 pid=3083 pidfd=5] Activated service 'org.freedesktop.impl.portal.desktop.gtk' failed: Process org.freedesktop.impl.portal.desktop.gtk exited with status 1

(/usr/libexec/xdg-desktop-portal:3371): xdg-desktop-portal-WARNING **: 12:11:39.834: Failed to create access proxy: Error al llamar StartSereviceByName para org.freedesktop.impl.portal.desktop.gtk: Process org.freedesktop.impl.portal.desktop.gtk exited with status 1

(/usr/libexec/xdg-desktop-portal:3371): xdg-desktop-portal-WARNING **: 12:11:39.834: No skeleton to export
dbus-daemon[3083]: [session uid=1000 pid=3083 pidfd=5] Activating service name='org.freedesktop.impl.portal.desktop.gtk' requested by ':1.11' (uid=1000 pid=3371 comm="/usr/libexec/xdg-desktop-portal")

(xdg-desktop-portal-gtk:3489): Gtk-WARNING **: 12:11:39.842: cannot open display: 
dbus-daemon[3083]: [session uid=1000 pid=3083 pidfd=5] Activated service 'org.freedesktop.impl.portal.desktop.gtk' failed: Process org.freedesktop.impl.portal.desktop.gtk exited with status 1

(/usr/libexec/xdg-desktop-portal:3371): xdg-desktop-portal-WARNING **: 12:11:39.843: Failed to create account proxy: Error al llamar StartSereviceByName para org.freedesktop.impl.portal.desktop.gtk: Process org.freedesktop.impl.portal.desktop.gtk exited with status 1

(/usr/libexec/xdg-desktop-portal:3371): xdg-desktop-portal-WARNING **: 12:11:39.843: No skeleton to export
dbus-daemon[3083]: [session uid=1000 pid=3083 pidfd=5] Activating service name='org.freedesktop.impl.portal.desktop.gtk' requested by ':1.11' (uid=1000 pid=3371 comm="/usr/libexec/xdg-desktop-portal")

(xdg-desktop-portal-gtk:3495): Gtk-WARNING **: 12:11:39.850: cannot open display: 
dbus-daemon[3083]: [session uid=1000 pid=3083 pidfd=5] Activated service 'org.freedesktop.impl.portal.desktop.gtk' failed: Process org.freedesktop.impl.portal.desktop.gtk exited with status 1

(/usr/libexec/xdg-desktop-portal:3371): xdg-desktop-portal-WARNING **: 12:11:39.851: Failed to create email proxy: Error al llamar StartSereviceByName para org.freedesktop.impl.portal.desktop.gtk: Process org.freedesktop.impl.portal.desktop.gtk exited with status 1

(/usr/libexec/xdg-desktop-portal:3371): xdg-desktop-portal-WARNING **: 12:11:39.851: No skeleton to export
dbus-daemon[3083]: [session uid=1000 pid=3083 pidfd=5] Activating service name='org.freedesktop.impl.portal.desktop.gtk' requested by ':1.11' (uid=1000 pid=3371 comm="/usr/libexec/xdg-desktop-portal")

(xdg-desktop-portal-gtk:3499): Gtk-WARNING **: 12:11:39.859: cannot open display: 
dbus-daemon[3083]: [session uid=1000 pid=3083 pidfd=5] Activated service 'org.freedesktop.impl.portal.desktop.gtk' failed: Process org.freedesktop.impl.portal.desktop.gtk exited with status 1

(/usr/libexec/xdg-desktop-portal:3371): xdg-desktop-portal-WARNING **: 12:11:39.860: Failed to create dynamic_launcher proxy: Error al llamar StartSereviceByName para org.freedesktop.impl.portal.desktop.gtk: Process org.freedesktop.impl.portal.desktop.gtk exited with status 1

(/usr/libexec/xdg-desktop-portal:3371): xdg-desktop-portal-WARNING **: 12:11:39.860: No skeleton to export
dbus-daemon[3083]: [session uid=1000 pid=3083 pidfd=5] Successfully activated service 'org.freedesktop.portal.Desktop'
dbus-daemon[3083]: [session uid=1000 pid=3083 pidfd=5] Activating service name='org.bluez.obex' requested by ':1.12' (uid=1000 pid=3309 comm="/usr/bin/python3.13 /usr/bin/blueman-applet")
dbus-daemon[3083]: [session uid=1000 pid=3083 pidfd=5] Successfully activated service 'org.bluez.obex'
[2m2026-04-08T16:11:39.973585Z[0m [34mDEBUG[0m [2mniri_config[0m[2m:[0m loaded config from "/home/eleazar/.config/niri/config.kdl"
dbus-daemon[3083]: [session uid=1000 pid=3083 pidfd=5] Activating service name='org.gtk.vfs.UDisks2VolumeMonitor' requested by ':1.32' (uid=1000 pid=10781 comm="/usr/lib64/firefox/firefox --private-window")
dbus-daemon[3083]: [session uid=1000 pid=3083 pidfd=5] Successfully activated service 'org.gtk.vfs.UDisks2VolumeMonitor'
dbus-daemon[3083]: [session uid=1000 pid=3083 pidfd=5] Activating service name='org.gtk.vfs.MTPVolumeMonitor' requested by ':1.32' (uid=1000 pid=10781 comm="/usr/lib64/firefox/firefox --private-window")
dbus-daemon[3083]: [session uid=1000 pid=3083 pidfd=5] Successfully activated service 'org.gtk.vfs.MTPVolumeMonitor'
[2m2026-04-08T16:41:40.102407Z[0m [34mDEBUG[0m [2mniri_config[0m[2m:[0m loaded config from "/home/eleazar/.config/niri/config.kdl"
[2m2026-04-08T16:41:40.173783Z[0m [34mDEBUG[0m [2mniri_config[0m[2m:[0m loaded config from "/home/eleazar/.config/niri/config.kdl"
dbus-daemon[3083]: [session uid=1000 pid=3083 pidfd=5] Activating service name='ca.desrt.dconf' requested by ':1.32' (uid=1000 pid=10781 comm="/usr/lib64/firefox/firefox --private-window")
dbus-daemon[3083]: [session uid=1000 pid=3083 pidfd=5] Successfully activated service 'ca.desrt.dconf'
dbus-daemon[3083]: [session uid=1000 pid=3083 pidfd=5] Activating service name='org.xfce.Xfconf' requested by ':1.45' (uid=1000 pid=140371 comm="thunar")
dbus-daemon[3083]: [session uid=1000 pid=3083 pidfd=5] Successfully activated service 'org.xfce.Xfconf'
dbus-daemon[3083]: [session uid=1000 pid=3083 pidfd=5] Activating service name='org.gtk.vfs.Metadata' requested by ':1.45' (uid=1000 pid=140371 comm="thunar")
dbus-daemon[3083]: [session uid=1000 pid=3083 pidfd=5] Successfully activated service 'org.gtk.vfs.Metadata'
dbus-daemon[3083]: [session uid=1000 pid=3083 pidfd=5] Activating service name='org.gnome.evince.Daemon' requested by ':1.49' (uid=1000 pid=144163 comm="/usr/bin/evince /home/eleazar/DINARICASA/HOLCZER/0")
dbus-daemon[3083]: [session uid=1000 pid=3083 pidfd=5] Successfully activated service 'org.gnome.evince.Daemon'
[2m2026-04-08T16:47:18.622015Z[0m [34mDEBUG[0m [2mniri::utils::xwayland::satellite[0m[2m:[0m connection to X11 abstract socket; spawning xwayland-satellite
dbus-daemon[3083]: [session uid=1000 pid=3083 pidfd=5] Activating service name='org.freedesktop.FileManager1' requested by ':1.69' (uid=1000 pid=177265 comm="ristretto file:///home/eleazar/Im%C3%A1genes/Scree")

(Thunar:177298): Gtk-WARNING **: 12:48:40.270: cannot open display: 
dbus-daemon[3083]: [session uid=1000 pid=3083 pidfd=5] Activated service 'org.freedesktop.FileManager1' failed: Process org.freedesktop.FileManager1 exited with status 1
[2m2026-04-08T16:52:04.718164Z[0m [33m WARN[0m [2mniri::ipc::server[0m[2m:[0m disconnecting IPC event stream client because it is reading events too slowly
[2m2026-04-08T17:11:40.319059Z[0m [34mDEBUG[0m [2mniri_config[0m[2m:[0m loaded config from "/home/eleazar/.config/niri/config.kdl"
[2m2026-04-08T17:11:40.438744Z[0m [34mDEBUG[0m [2mniri_config[0m[2m:[0m loaded config from "/home/eleazar/.config/niri/config.kdl"
[2m2026-04-08T17:12:47.519187Z[0m [31mERROR[0m [2msmithay::backend::renderer::gles[0m[2m:[0m [GL] GL_INVALID_VALUE in glTexSubImage2D(yoffset 0 + height 786 > 758)
dbus-daemon[3083]: [session uid=1000 pid=3083 pidfd=5] Activating service name='org.xfce.Xfconf' requested by ':1.92' (uid=1000 pid=254567 comm="ristretto file:///home/eleazar/Im%C3%A1genes/Scree")
dbus-daemon[3083]: [session uid=1000 pid=3083 pidfd=5] Successfully activated service 'org.xfce.Xfconf'
dbus-daemon[3083]: [session uid=1000 pid=3083 pidfd=5] Activating service name='org.freedesktop.FileManager1' requested by ':1.92' (uid=1000 pid=254567 comm="ristretto file:///home/eleazar/Im%C3%A1genes/Scree")

(Thunar:254601): Gtk-WARNING **: 13:12:56.185: cannot open display: 
dbus-daemon[3083]: [session uid=1000 pid=3083 pidfd=5] Activated service 'org.freedesktop.FileManager1' failed: Process org.freedesktop.FileManager1 exited with status 1
dbus-daemon[3083]: [session uid=1000 pid=3083 pidfd=5] Activating service name='org.freedesktop.FileManager1' requested by ':1.100' (uid=1000 pid=254971 comm="ristretto file:///home/eleazar/Im%C3%A1genes/Scree")

(Thunar:255003): Gtk-WARNING **: 13:13:16.927: cannot open display: 
dbus-daemon[3083]: [session uid=1000 pid=3083 pidfd=5] Activated service 'org.freedesktop.FileManager1' failed: Process org.freedesktop.FileManager1 exited with status 1
dbus-daemon[3083]: [session uid=1000 pid=3083 pidfd=5] Activating service name='org.freedesktop.FileManager1' requested by ':1.103' (uid=1000 pid=255175 comm="ristretto file:///home/eleazar/Im%C3%A1genes/Scree")

(Thunar:255199): Gtk-WARNING **: 13:13:29.668: cannot open display: 
dbus-daemon[3083]: [session uid=1000 pid=3083 pidfd=5] Activated service 'org.freedesktop.FileManager1' failed: Process org.freedesktop.FileManager1 exited with status 1
dbus-daemon[3083]: [session uid=1000 pid=3083 pidfd=5] Activating service name='org.freedesktop.FileManager1' requested by ':1.106' (uid=1000 pid=255404 comm="ristretto file:///home/eleazar/Im%C3%A1genes/Scree")

(Thunar:255432): Gtk-WARNING **: 13:13:44.432: cannot open display: 
dbus-daemon[3083]: [session uid=1000 pid=3083 pidfd=5] Activated service 'org.freedesktop.FileManager1' failed: Process org.freedesktop.FileManager1 exited with status 1
dbus-daemon[3083]: [session uid=1000 pid=3083 pidfd=5] Activating service name='org.freedesktop.FileManager1' requested by ':1.109' (uid=1000 pid=256111 comm="ristretto file:///home/eleazar/Im%C3%A1genes/Scree")

(Thunar:256135): Gtk-WARNING **: 13:14:36.976: cannot open display: 
dbus-daemon[3083]: [session uid=1000 pid=3083 pidfd=5] Activated service 'org.freedesktop.FileManager1' failed: Process org.freedesktop.FileManager1 exited with status 1
dbus-daemon[3083]: [session uid=1000 pid=3083 pidfd=5] Activating service name='org.freedesktop.FileManager1' requested by ':1.112' (uid=1000 pid=256260 comm="ristretto file:///home/eleazar/Im%C3%A1genes/Scree")

(Thunar:256284): Gtk-WARNING **: 13:14:45.520: cannot open display: 
dbus-daemon[3083]: [session uid=1000 pid=3083 pidfd=5] Activated service 'org.freedesktop.FileManager1' failed: Process org.freedesktop.FileManager1 exited with status 1
dbus-daemon[3083]: [session uid=1000 pid=3083 pidfd=5] Activating service name='org.xfce.Xfconf' requested by ':1.122' (uid=1000 pid=341907 comm="ristretto file:///home/eleazar/Im%C3%A1genes/Scree")
dbus-daemon[3083]: [session uid=1000 pid=3083 pidfd=5] Successfully activated service 'org.xfce.Xfconf'
dbus-daemon[3083]: [session uid=1000 pid=3083 pidfd=5] Activating service name='org.freedesktop.FileManager1' requested by ':1.122' (uid=1000 pid=341907 comm="ristretto file:///home/eleazar/Im%C3%A1genes/Scree")

(Thunar:341972): Gtk-WARNING **: 13:23:01.667: cannot open display: 
dbus-daemon[3083]: [session uid=1000 pid=3083 pidfd=5] Activated service 'org.freedesktop.FileManager1' failed: Process org.freedesktop.FileManager1 exited with status 1
[2m2026-04-08T17:41:40.600262Z[0m [34mDEBUG[0m [2mniri_config[0m[2m:[0m loaded config from "/home/eleazar/.config/niri/config.kdl"
[2m2026-04-08T17:41:40.741133Z[0m [34mDEBUG[0m [2mniri_config[0m[2m:[0m loaded config from "/home/eleazar/.config/niri/config.kdl"
[2m2026-04-08T18:11:40.811892Z[0m [34mDEBUG[0m [2mniri_config[0m[2m:[0m loaded config from "/home/eleazar/.config/niri/config.kdl"
[2m2026-04-08T18:11:40.928251Z[0m [34mDEBUG[0m [2mniri_config[0m[2m:[0m loaded config from "/home/eleazar/.config/niri/config.kdl"
[2m2026-04-08T18:41:41.174881Z[0m [34mDEBUG[0m [2mniri_config[0m[2m:[0m loaded config from "/home/eleazar/.config/niri/config.kdl"
[2m2026-04-08T19:11:41.351781Z[0m [34mDEBUG[0m [2mniri_config[0m[2m:[0m loaded config from "/home/eleazar/.config/niri/config.kdl"
[2m2026-04-08T19:17:20.944634Z[0m [33m WARN[0m [2mniri::ipc::server[0m[2m:[0m disconnecting IPC event stream client because it is reading events too slowly
[2m2026-04-08T19:41:41.411181Z[0m [34mDEBUG[0m [2mniri_config[0m[2m:[0m loaded config from "/home/eleazar/.config/niri/config.kdl"
[2m2026-04-08T19:41:41.531138Z[0m [34mDEBUG[0m [2mniri_config[0m[2m:[0m loaded config from "/home/eleazar/.config/niri/config.kdl"
[2m2026-04-08T20:11:41.734028Z[0m [34mDEBUG[0m [2mniri_config[0m[2m:[0m loaded config from "/home/eleazar/.config/niri/config.kdl"
[2m2026-04-08T20:41:41.783615Z[0m [34mDEBUG[0m [2mniri_config[0m[2m:[0m loaded config from "/home/eleazar/.config/niri/config.kdl"
[2m2026-04-08T20:41:41.907632Z[0m [34mDEBUG[0m [2mniri_config[0m[2m:[0m loaded config from "/home/eleazar/.config/niri/config.kdl"
[2m2026-04-08T21:11:42.095847Z[0m [34mDEBUG[0m [2mniri_config[0m[2m:[0m loaded config from "/home/eleazar/.config/niri/config.kdl"
[2m2026-04-08T21:41:42.371198Z[0m [34mDEBUG[0m [2mniri_config[0m[2m:[0m loaded config from "/home/eleazar/.config/niri/config.kdl"
[2m2026-04-08T22:11:42.661837Z[0m [34mDEBUG[0m [2mniri_config[0m[2m:[0m loaded config from "/home/eleazar/.config/niri/config.kdl"
[2m2026-04-08T22:40:25.137917Z[0m [34mDEBUG[0m [2mniri::backend::tty[0m[2m:[0m pausing session

(/usr/libexec/xdg-desktop-portal:3371): xdg-desktop-portal-WARNING **: 18:40:25.340: Caught PipeWire error: connection error

(/usr/libexec/xdg-desktop-portal:3371): xdg-desktop-portal-WARNING **: 18:40:25.342: Failed connect to PipeWire: Couldn't connect to PipeWire
[2m2026-04-08T22:40:26.612924Z[0m [32m INFO[0m [2mniri::utils::signals::platform[0m[2m:[0m quitting due to receiving signal SIGHUP
dbus-daemon[3368]: Reloaded configuration[2m2026-04-08T22:40:26.614073Z[0m [33m WARN[0m [2mniri::utils::xwayland::satellite[0m[2m:[0m xwayland-satellite exited with: signal: 1 (SIGHUP)

dbus-daemon[3083]: [session uid=1000 pid=3083 pidfd=5] Reloaded configuration
[2m2026-04-08T22:40:26.625761Z[0m [34mDEBUG[0m [2mniri::utils::watcher[0m[2m:[0m exiting watcher thread for Regular { user_path: "/home/eleazar/.config/niri/config.kdl", system_path: "/etc/niri/config.kdl" }
--- INICIO DE SESIÓN: mié 08 abr 2026 18:41:01 -04 ---
[2m2026-04-08T22:41:02.662420Z[0m [32m INFO[0m [2mniri[0m[2m:[0m starting version 25.11 (b35bcae)
[2m2026-04-08T22:41:02.666823Z[0m [34mDEBUG[0m [2mniri_config[0m[2m:[0m loaded config from "/home/eleazar/.config/niri/config.kdl"
[2m2026-04-08T22:41:03.208360Z[0m [32m INFO[0m [2mniri::backend::tty[0m[2m:[0m using as the render node: "/dev/dri/renderD128"
[2m2026-04-08T22:41:03.245525Z[0m [34mDEBUG[0m [2mniri::backend::tty[0m[2m:[0m adding device: 57856 "/dev/dri/card0"
[2m2026-04-08T22:41:03.245559Z[0m [34mDEBUG[0m [2mniri::backend::tty[0m[2m:[0m this is the primary node
[2m2026-04-08T22:41:03.465122Z[0m [34mDEBUG[0m [2mniri::backend::tty[0m[2m:[0m got render node: renderD128
[2m2026-04-08T22:41:03.465145Z[0m [34mDEBUG[0m [2mniri::backend::tty[0m[2m:[0m initializing the primary renderer
[2m2026-04-08T22:41:03.510480Z[0m [33m WARN[0m [2mniri::backend::tty[0m[2m:[0m error binding wl-display in EGL: EglExtensionNotSupported(["EGL_WL_bind_wayland_display"])
[2m2026-04-08T22:41:03.519936Z[0m [34mDEBUG[0m [2mniri::backend::tty[0m[2m:[0m device changed: 57856
[2m2026-04-08T22:41:03.520939Z[0m [34mDEBUG[0m [2mniri::backend::tty[0m[2m:[0m new connector: DP-1 "Samsung Electric Company S19B300 HTHC402609"
[2m2026-04-08T22:41:03.521073Z[0m [34mDEBUG[0m [2mniri::backend::tty[0m[2m:[0m connecting connector: DP-1
[2m2026-04-08T22:41:03.521090Z[0m [34mDEBUG[0m [2mniri::backend::tty[0m[2m:[0m picking mode: Mode { name: "1366x768", clock: 85500, size: (1366, 768), hsync: (1436, 1579, 1792), vsync: (771, 774, 798), hskew: 0, vscan: 0, vrefresh: 60, mode_type: ModeTypeFlags(PREFERRED | DRIVER) }
[2m2026-04-08T22:41:03.527596Z[0m [34mDEBUG[0m [2mniri::niri[0m[2m:[0m putting output DP-1 at x=0 y=0
[2m2026-04-08T22:41:03.527655Z[0m [32m INFO[0m [2mniri[0m[2m:[0m listening on Wayland socket: wayland-1
[2m2026-04-08T22:41:03.527661Z[0m [32m INFO[0m [2mniri[0m[2m:[0m IPC listening on: /run/user/1000/niri.wayland-1.3111.sock
[2m2026-04-08T22:41:03.538771Z[0m [32m INFO[0m [2mniri[0m[2m:[0m listening on X11 socket: :0
[2m2026-04-08T22:41:03.542357Z[0m [33m WARN[0m [2mniri::dbus::freedesktop_locale1[0m[2m:[0m error receiving initial properties: ServiceUnknown("The name org.freedesktop.locale1 was not provided by any .service files")
dbus-daemon[3110]: [session uid=1000 pid=3110 pidfd=5] Activating service name='org.gtk.vfs.Daemon' requested by ':1.1' (uid=1000 pid=3346 comm="wireplumber")
dbus-daemon[3110]: [session uid=1000 pid=3110 pidfd=5] Successfully activated service 'org.gtk.vfs.Daemon'
fusermount3: failed to access mountpoint /run/user/1000/gvfs: Permission denied
dbus-daemon[3110]: [session uid=1000 pid=3110 pidfd=5] Activating service name='org.a11y.Bus' requested by ':1.6' (uid=1000 pid=3349 comm="nm-applet --indicator")
dbus-daemon[3110]: [session uid=1000 pid=3110 pidfd=5] Successfully activated service 'org.a11y.Bus'
dbus-daemon[3110]: [session uid=1000 pid=3110 pidfd=5] Activating service name='org.freedesktop.portal.Desktop' requested by ':1.9' (uid=1000 pid=3347 comm="openrgb --startminimized")
dbus-daemon[3393]: Activating service name='org.a11y.atspi.Registry' requested by ':1.1' (uid=1000 pid=3335 comm="/usr/libexec/polkit-gnome-authentication-agent-1")
dbus-daemon[3110]: [session uid=1000 pid=3110 pidfd=5] Activating service name='org.freedesktop.impl.portal.PermissionStore' requested by ':1.12' (uid=1000 pid=3398 comm="/usr/libexec/xdg-desktop-portal")
dbus-daemon[3110]: [session uid=1000 pid=3110 pidfd=5] Successfully activated service 'org.freedesktop.impl.portal.PermissionStore'
dbus-daemon[3393]: Successfully activated service 'org.a11y.atspi.Registry'
SpiRegistry daemon is running with well-known name - org.a11y.atspi.Registry
dbus-daemon[3110]: [session uid=1000 pid=3110 pidfd=5] Activating service name='org.freedesktop.portal.Documents' requested by ':1.12' (uid=1000 pid=3398 comm="/usr/libexec/xdg-desktop-portal")
dbus-daemon[3110]: [session uid=1000 pid=3110 pidfd=5] Successfully activated service 'org.freedesktop.portal.Documents'
dbus-daemon[3110]: [session uid=1000 pid=3110 pidfd=5] Activating service name='org.freedesktop.impl.portal.desktop.gtk' requested by ':1.12' (uid=1000 pid=3398 comm="/usr/libexec/xdg-desktop-portal")

(xdg-desktop-portal-gtk:3477): Gtk-WARNING **: 18:41:03.744: cannot open display: 
dbus-daemon[3110]: [session uid=1000 pid=3110 pidfd=5] Activated service 'org.freedesktop.impl.portal.desktop.gtk' failed: Process org.freedesktop.impl.portal.desktop.gtk exited with status 1

(/usr/libexec/xdg-desktop-portal:3398): xdg-desktop-portal-WARNING **: 18:41:03.745: Failed to create settings proxy: Error al llamar StartSereviceByName para org.freedesktop.impl.portal.desktop.gtk: Process org.freedesktop.impl.portal.desktop.gtk exited with status 1

(/usr/libexec/xdg-desktop-portal:3398): xdg-desktop-portal-WARNING **: 18:41:03.745: No skeleton to export
dbus-daemon[3110]: [session uid=1000 pid=3110 pidfd=5] Activating service name='org.freedesktop.impl.portal.desktop.gtk' requested by ':1.12' (uid=1000 pid=3398 comm="/usr/libexec/xdg-desktop-portal")

(xdg-desktop-portal-gtk:3492): Gtk-WARNING **: 18:41:03.754: cannot open display: 
dbus-daemon[3110]: [session uid=1000 pid=3110 pidfd=5] Activated service 'org.freedesktop.impl.portal.desktop.gtk' failed: Process org.freedesktop.impl.portal.desktop.gtk exited with status 1

(/usr/libexec/xdg-desktop-portal:3398): xdg-desktop-portal-WARNING **: 18:41:03.755: Failed to create file chooser proxy: Error al llamar StartSereviceByName para org.freedesktop.impl.portal.desktop.gtk: Process org.freedesktop.impl.portal.desktop.gtk exited with status 1

(/usr/libexec/xdg-desktop-portal:3398): xdg-desktop-portal-WARNING **: 18:41:03.755: No skeleton to export
dbus-daemon[3110]: [session uid=1000 pid=3110 pidfd=5] Activating service name='org.freedesktop.impl.portal.desktop.gtk' requested by ':1.12' (uid=1000 pid=3398 comm="/usr/libexec/xdg-desktop-portal")

(xdg-desktop-portal-gtk:3495): Gtk-WARNING **: 18:41:03.765: cannot open display: 
dbus-daemon[3110]: [session uid=1000 pid=3110 pidfd=5] Activated service 'org.freedesktop.impl.portal.desktop.gtk' failed: Process org.freedesktop.impl.portal.desktop.gtk exited with status 1

(/usr/libexec/xdg-desktop-portal:3398): xdg-desktop-portal-WARNING **: 18:41:03.766: Failed to create app chooser proxy: Error al llamar StartSereviceByName para org.freedesktop.impl.portal.desktop.gtk: Process org.freedesktop.impl.portal.desktop.gtk exited with status 1

(/usr/libexec/xdg-desktop-portal:3398): xdg-desktop-portal-WARNING **: 18:41:03.766: No skeleton to export
dbus-daemon[3110]: [session uid=1000 pid=3110 pidfd=5] Activating service name='org.freedesktop.impl.portal.desktop.gtk' requested by ':1.12' (uid=1000 pid=3398 comm="/usr/libexec/xdg-desktop-portal")

(xdg-desktop-portal-gtk:3500): Gtk-WARNING **: 18:41:03.774: cannot open display: 
dbus-daemon[3110]: [session uid=1000 pid=3110 pidfd=5] Activated service 'org.freedesktop.impl.portal.desktop.gtk' failed: Process org.freedesktop.impl.portal.desktop.gtk exited with status 1

(/usr/libexec/xdg-desktop-portal:3398): xdg-desktop-portal-WARNING **: 18:41:03.775: Failed to create print proxy: Error al llamar StartSereviceByName para org.freedesktop.impl.portal.desktop.gtk: Process org.freedesktop.impl.portal.desktop.gtk exited with status 1

(/usr/libexec/xdg-desktop-portal:3398): xdg-desktop-portal-WARNING **: 18:41:03.775: No skeleton to export
dbus-daemon[3110]: [session uid=1000 pid=3110 pidfd=5] Activating service name='org.freedesktop.impl.portal.desktop.gtk' requested by ':1.12' (uid=1000 pid=3398 comm="/usr/libexec/xdg-desktop-portal")

(xdg-desktop-portal-gtk:3504): Gtk-WARNING **: 18:41:03.783: cannot open display: 
dbus-daemon[3110]: [session uid=1000 pid=3110 pidfd=5] Activated service 'org.freedesktop.impl.portal.desktop.gtk' failed: Process org.freedesktop.impl.portal.desktop.gtk exited with status 1

(/usr/libexec/xdg-desktop-portal:3398): xdg-desktop-portal-WARNING **: 18:41:03.784: Failed to create notification proxy: Error al llamar StartSereviceByName para org.freedesktop.impl.portal.desktop.gtk: Process org.freedesktop.impl.portal.desktop.gtk exited with status 1

(/usr/libexec/xdg-desktop-portal:3398): xdg-desktop-portal-WARNING **: 18:41:03.784: No skeleton to export
dbus-daemon[3110]: [session uid=1000 pid=3110 pidfd=5] Activating service name='org.freedesktop.impl.portal.desktop.gtk' requested by ':1.12' (uid=1000 pid=3398 comm="/usr/libexec/xdg-desktop-portal")

(xdg-desktop-portal-gtk:3508): Gtk-WARNING **: 18:41:03.791: cannot open display: 
dbus-daemon[3110]: [session uid=1000 pid=3110 pidfd=5] Activated service 'org.freedesktop.impl.portal.desktop.gtk' failed: Process org.freedesktop.impl.portal.desktop.gtk exited with status 1

(/usr/libexec/xdg-desktop-portal:3398): xdg-desktop-portal-WARNING **: 18:41:03.792: Failed to create inhibit proxy: Error al llamar StartSereviceByName para org.freedesktop.impl.portal.desktop.gtk: Process org.freedesktop.impl.portal.desktop.gtk exited with status 1

(/usr/libexec/xdg-desktop-portal:3398): xdg-desktop-portal-WARNING **: 18:41:03.792: No skeleton to export
dbus-daemon[3110]: [session uid=1000 pid=3110 pidfd=5] Activating service name='org.freedesktop.impl.portal.desktop.gtk' requested by ':1.12' (uid=1000 pid=3398 comm="/usr/libexec/xdg-desktop-portal")

(xdg-desktop-portal-gtk:3513): Gtk-WARNING **: 18:41:03.802: cannot open display: 
dbus-daemon[3110]: [session uid=1000 pid=3110 pidfd=5] Activated service 'org.freedesktop.impl.portal.desktop.gtk' failed: Process org.freedesktop.impl.portal.desktop.gtk exited with status 1

(/usr/libexec/xdg-desktop-portal:3398): xdg-desktop-portal-WARNING **: 18:41:03.803: Failed to create access proxy: Error al llamar StartSereviceByName para org.freedesktop.impl.portal.desktop.gtk: Process org.freedesktop.impl.portal.desktop.gtk exited with status 1

(/usr/libexec/xdg-desktop-portal:3398): xdg-desktop-portal-WARNING **: 18:41:03.803: No skeleton to export
dbus-daemon[3110]: [session uid=1000 pid=3110 pidfd=5] Activating service name='org.freedesktop.impl.portal.desktop.gtk' requested by ':1.12' (uid=1000 pid=3398 comm="/usr/libexec/xdg-desktop-portal")

(xdg-desktop-portal-gtk:3520): Gtk-WARNING **: 18:41:03.810: cannot open display: 
dbus-daemon[3110]: [session uid=1000 pid=3110 pidfd=5] Activated service 'org.freedesktop.impl.portal.desktop.gtk' failed: Process org.freedesktop.impl.portal.desktop.gtk exited with status 1

(/usr/libexec/xdg-desktop-portal:3398): xdg-desktop-portal-WARNING **: 18:41:03.811: Failed to create account proxy: Error al llamar StartSereviceByName para org.freedesktop.impl.portal.desktop.gtk: Process org.freedesktop.impl.portal.desktop.gtk exited with status 1

(/usr/libexec/xdg-desktop-portal:3398): xdg-desktop-portal-WARNING **: 18:41:03.811: No skeleton to export
dbus-daemon[3110]: [session uid=1000 pid=3110 pidfd=5] Activating service name='org.freedesktop.impl.portal.desktop.gtk' requested by ':1.12' (uid=1000 pid=3398 comm="/usr/libexec/xdg-desktop-portal")

(xdg-desktop-portal-gtk:3524): Gtk-WARNING **: 18:41:03.820: cannot open display: 
dbus-daemon[3110]: [session uid=1000 pid=3110 pidfd=5] Activated service 'org.freedesktop.impl.portal.desktop.gtk' failed: Process org.freedesktop.impl.portal.desktop.gtk exited with status 1

(/usr/libexec/xdg-desktop-portal:3398): xdg-desktop-portal-WARNING **: 18:41:03.821: Failed to create email proxy: Error al llamar StartSereviceByName para org.freedesktop.impl.portal.desktop.gtk: Process org.freedesktop.impl.portal.desktop.gtk exited with status 1

(/usr/libexec/xdg-desktop-portal:3398): xdg-desktop-portal-WARNING **: 18:41:03.821: No skeleton to export
dbus-daemon[3110]: [session uid=1000 pid=3110 pidfd=5] Activating service name='org.freedesktop.impl.portal.desktop.gtk' requested by ':1.12' (uid=1000 pid=3398 comm="/usr/libexec/xdg-desktop-portal")

(xdg-desktop-portal-gtk:3527): Gtk-WARNING **: 18:41:03.828: cannot open display: 
dbus-daemon[3110]: [session uid=1000 pid=3110 pidfd=5] Activated service 'org.freedesktop.impl.portal.desktop.gtk' failed: Process org.freedesktop.impl.portal.desktop.gtk exited with status 1

(/usr/libexec/xdg-desktop-portal:3398): xdg-desktop-portal-WARNING **: 18:41:03.830: Failed to create dynamic_launcher proxy: Error al llamar StartSereviceByName para org.freedesktop.impl.portal.desktop.gtk: Process org.freedesktop.impl.portal.desktop.gtk exited with status 1

(/usr/libexec/xdg-desktop-portal:3398): xdg-desktop-portal-WARNING **: 18:41:03.830: No skeleton to export
dbus-daemon[3110]: [session uid=1000 pid=3110 pidfd=5] Successfully activated service 'org.freedesktop.portal.Desktop'
dbus-daemon[3110]: [session uid=1000 pid=3110 pidfd=5] Activating service name='org.bluez.obex' requested by ':1.11' (uid=1000 pid=3343 comm="/usr/bin/python3.13 /usr/bin/blueman-applet")
dbus-daemon[3110]: [session uid=1000 pid=3110 pidfd=5] Successfully activated service 'org.bluez.obex'
[2m2026-04-08T22:41:03.930009Z[0m [34mDEBUG[0m [2mniri_config[0m[2m:[0m loaded config from "/home/eleazar/.config/niri/config.kdl"
[2m2026-04-08T22:41:20.897919Z[0m [34mDEBUG[0m [2mniri::utils::xwayland::satellite[0m[2m:[0m connection to X11 abstract socket; spawning xwayland-satellite
dbus-daemon[3110]: [session uid=1000 pid=3110 pidfd=5] Activating service name='org.gtk.vfs.UDisks2VolumeMonitor' requested by ':1.53' (uid=1000 pid=13917 comm="/usr/lib64/thunderbird/thunderbird")
dbus-daemon[3110]: [session uid=1000 pid=3110 pidfd=5] Successfully activated service 'org.gtk.vfs.UDisks2VolumeMonitor'
dbus-daemon[3110]: [session uid=1000 pid=3110 pidfd=5] Activating service name='org.gtk.vfs.MTPVolumeMonitor' requested by ':1.53' (uid=1000 pid=13917 comm="/usr/lib64/thunderbird/thunderbird")
dbus-daemon[3110]: [session uid=1000 pid=3110 pidfd=5] Successfully activated service 'org.gtk.vfs.MTPVolumeMonitor'
dbus-daemon[3110]: [session uid=1000 pid=3110 pidfd=5] Activating service name='ca.desrt.dconf' requested by ':1.53' (uid=1000 pid=13917 comm="/usr/lib64/thunderbird/thunderbird")
dbus-daemon[3110]: [session uid=1000 pid=3110 pidfd=5] Successfully activated service 'ca.desrt.dconf'
dbus-daemon[3110]: [session uid=1000 pid=3110 pidfd=5] Activating service name='org.gtk.vfs.Metadata' requested by ':1.53' (uid=1000 pid=13917 comm="/usr/lib64/thunderbird/thunderbird")
dbus-daemon[3110]: [session uid=1000 pid=3110 pidfd=5] Successfully activated service 'org.gtk.vfs.Metadata'
[2m2026-04-08T23:11:04.116336Z[0m [34mDEBUG[0m [2mniri_config[0m[2m:[0m loaded config from "/home/eleazar/.config/niri/config.kdl"
[2m2026-04-08T23:14:34.966591Z[0m [31mERROR[0m [2msmithay::backend::renderer::gles[0m[2m:[0m [GL] GL_INVALID_VALUE in glTexSubImage2D(yoffset 0 + height 786 > 758)

(/usr/libexec/xdg-desktop-portal:3398): xdg-desktop-portal-WARNING **: 19:14:38.297: Caught PipeWire error: connection error

(/usr/libexec/xdg-desktop-portal:3398): xdg-desktop-portal-WARNING **: 19:14:38.299: Failed connect to PipeWire: Couldn't connect to PipeWire
[2m2026-04-08T23:14:38.370559Z[0m [34mDEBUG[0m [2mniri::backend::tty[0m[2m:[0m pausing session
[2m2026-04-08T23:14:39.450568Z[0m [32m INFO[0m [2mniri::utils::signals::platform[0m[2m:[0m quitting due to receiving signal SIGHUP
dbus-daemon[3110]: [session uid=1000 pid=3110 pidfd=5] Reloaded configuration
[2m2026-04-08T23:14:39.461137Z[0m [34mDEBUG[0m [2mniri::utils::watcher[0m[2m:[0m exiting watcher thread for Regular { user_path: "/home/eleazar/.config/niri/config.kdl", system_path: "/etc/niri/config.kdl" }
dbus-daemon[3393]: Reloaded configuration[2m2026-04-08T23:14:39.463000Z[0m [33m WARN[0m [2mniri::utils::xwayland::satellite[0m[2m:[0m xwayland-satellite exited with: signal: 1 (SIGHUP)

--- INICIO DE SESIÓN: mié 08 abr 2026 19:15:12 -04 ---
[2m2026-04-08T23:15:13.511200Z[0m [32m INFO[0m [2mniri[0m[2m:[0m starting version 25.11 (b35bcae)
[2m2026-04-08T23:15:13.515376Z[0m [34mDEBUG[0m [2mniri_config[0m[2m:[0m loaded config from "/home/eleazar/.config/niri/config.kdl"
[2m2026-04-08T23:15:13.982193Z[0m [32m INFO[0m [2mniri::backend::tty[0m[2m:[0m using as the render node: "/dev/dri/renderD128"
[2m2026-04-08T23:15:14.015718Z[0m [34mDEBUG[0m [2mniri::backend::tty[0m[2m:[0m adding device: 57856 "/dev/dri/card0"
[2m2026-04-08T23:15:14.015756Z[0m [34mDEBUG[0m [2mniri::backend::tty[0m[2m:[0m this is the primary node
[2m2026-04-08T23:15:14.245126Z[0m [34mDEBUG[0m [2mniri::backend::tty[0m[2m:[0m got render node: renderD128
[2m2026-04-08T23:15:14.245143Z[0m [34mDEBUG[0m [2mniri::backend::tty[0m[2m:[0m initializing the primary renderer
[2m2026-04-08T23:15:14.286804Z[0m [33m WARN[0m [2mniri::backend::tty[0m[2m:[0m error binding wl-display in EGL: EglExtensionNotSupported(["EGL_WL_bind_wayland_display"])
[2m2026-04-08T23:15:14.296196Z[0m [34mDEBUG[0m [2mniri::backend::tty[0m[2m:[0m device changed: 57856
[2m2026-04-08T23:15:14.297223Z[0m [34mDEBUG[0m [2mniri::backend::tty[0m[2m:[0m new connector: DP-1 "Samsung Electric Company S19B300 HTHC402609"
[2m2026-04-08T23:15:14.297366Z[0m [34mDEBUG[0m [2mniri::backend::tty[0m[2m:[0m connecting connector: DP-1
[2m2026-04-08T23:15:14.297383Z[0m [34mDEBUG[0m [2mniri::backend::tty[0m[2m:[0m picking mode: Mode { name: "1366x768", clock: 85500, size: (1366, 768), hsync: (1436, 1579, 1792), vsync: (771, 774, 798), hskew: 0, vscan: 0, vrefresh: 60, mode_type: ModeTypeFlags(PREFERRED | DRIVER) }
[2m2026-04-08T23:15:14.309225Z[0m [34mDEBUG[0m [2mniri::niri[0m[2m:[0m putting output DP-1 at x=0 y=0
[2m2026-04-08T23:15:14.309278Z[0m [32m INFO[0m [2mniri[0m[2m:[0m listening on Wayland socket: wayland-1
[2m2026-04-08T23:15:14.309284Z[0m [32m INFO[0m [2mniri[0m[2m:[0m IPC listening on: /run/user/1000/niri.wayland-1.3082.sock
[2m2026-04-08T23:15:14.321482Z[0m [32m INFO[0m [2mniri[0m[2m:[0m listening on X11 socket: :0
[2m2026-04-08T23:15:14.325116Z[0m [33m WARN[0m [2mniri::dbus::freedesktop_locale1[0m[2m:[0m error receiving initial properties: ServiceUnknown("The name org.freedesktop.locale1 was not provided by any .service files")
dbus-daemon[3081]: [session uid=1000 pid=3081 pidfd=5] Activating service name='org.gtk.vfs.Daemon' requested by ':1.1' (uid=1000 pid=3296 comm="wireplumber")
dbus-daemon[3081]: [session uid=1000 pid=3081 pidfd=5] Successfully activated service 'org.gtk.vfs.Daemon'
fusermount3: failed to access mountpoint /run/user/1000/gvfs: Permission denied
dbus-daemon[3081]: [session uid=1000 pid=3081 pidfd=5] Activating service name='org.a11y.Bus' requested by ':1.6' (uid=1000 pid=3293 comm="/usr/libexec/polkit-gnome-authentication-agent-1")
dbus-daemon[3081]: [session uid=1000 pid=3081 pidfd=5] Successfully activated service 'org.a11y.Bus'
dbus-daemon[3081]: [session uid=1000 pid=3081 pidfd=5] Activating service name='org.freedesktop.portal.Desktop' requested by ':1.9' (uid=1000 pid=3300 comm="openrgb --startminimized")
dbus-daemon[3081]: [session uid=1000 pid=3081 pidfd=5] Activating service name='org.freedesktop.impl.portal.PermissionStore' requested by ':1.11' (uid=1000 pid=3352 comm="/usr/libexec/xdg-desktop-portal")
dbus-daemon[3081]: [session uid=1000 pid=3081 pidfd=5] Successfully activated service 'org.freedesktop.impl.portal.PermissionStore'
dbus-daemon[3081]: [session uid=1000 pid=3081 pidfd=5] Activating service name='org.freedesktop.portal.Documents' requested by ':1.11' (uid=1000 pid=3352 comm="/usr/libexec/xdg-desktop-portal")
dbus-daemon[3349]: Activating service name='org.a11y.atspi.Registry' requested by ':1.0' (uid=1000 pid=3293 comm="/usr/libexec/polkit-gnome-authentication-agent-1")
dbus-daemon[3081]: [session uid=1000 pid=3081 pidfd=5] Successfully activated service 'org.freedesktop.portal.Documents'
dbus-daemon[3349]: Successfully activated service 'org.a11y.atspi.Registry'
SpiRegistry daemon is running with well-known name - org.a11y.atspi.Registry
dbus-daemon[3081]: [session uid=1000 pid=3081 pidfd=5] Activating service name='org.freedesktop.impl.portal.desktop.gtk' requested by ':1.11' (uid=1000 pid=3352 comm="/usr/libexec/xdg-desktop-portal")

(xdg-desktop-portal-gtk:3408): Gtk-WARNING **: 19:15:14.512: cannot open display: 
dbus-daemon[3081]: [session uid=1000 pid=3081 pidfd=5] Activated service 'org.freedesktop.impl.portal.desktop.gtk' failed: Process org.freedesktop.impl.portal.desktop.gtk exited with status 1

(/usr/libexec/xdg-desktop-portal:3352): xdg-desktop-portal-WARNING **: 19:15:14.514: Failed to create settings proxy: Error al llamar StartSereviceByName para org.freedesktop.impl.portal.desktop.gtk: Process org.freedesktop.impl.portal.desktop.gtk exited with status 1

(/usr/libexec/xdg-desktop-portal:3352): xdg-desktop-portal-WARNING **: 19:15:14.514: No skeleton to export
dbus-daemon[3081]: [session uid=1000 pid=3081 pidfd=5] Activating service name='org.freedesktop.impl.portal.desktop.gtk' requested by ':1.11' (uid=1000 pid=3352 comm="/usr/libexec/xdg-desktop-portal")

(xdg-desktop-portal-gtk:3445): Gtk-WARNING **: 19:15:14.523: cannot open display: 
dbus-daemon[3081]: [session uid=1000 pid=3081 pidfd=5] Activated service 'org.freedesktop.impl.portal.desktop.gtk' failed: Process org.freedesktop.impl.portal.desktop.gtk exited with status 1

(/usr/libexec/xdg-desktop-portal:3352): xdg-desktop-portal-WARNING **: 19:15:14.524: Failed to create file chooser proxy: Error al llamar StartSereviceByName para org.freedesktop.impl.portal.desktop.gtk: Process org.freedesktop.impl.portal.desktop.gtk exited with status 1

(/usr/libexec/xdg-desktop-portal:3352): xdg-desktop-portal-WARNING **: 19:15:14.524: No skeleton to export
dbus-daemon[3081]: [session uid=1000 pid=3081 pidfd=5] Activating service name='org.freedesktop.impl.portal.desktop.gtk' requested by ':1.11' (uid=1000 pid=3352 comm="/usr/libexec/xdg-desktop-portal")

(xdg-desktop-portal-gtk:3449): Gtk-WARNING **: 19:15:14.532: cannot open display: 
dbus-daemon[3081]: [session uid=1000 pid=3081 pidfd=5] Activated service 'org.freedesktop.impl.portal.desktop.gtk' failed: Process org.freedesktop.impl.portal.desktop.gtk exited with status 1

(/usr/libexec/xdg-desktop-portal:3352): xdg-desktop-portal-WARNING **: 19:15:14.533: Failed to create app chooser proxy: Error al llamar StartSereviceByName para org.freedesktop.impl.portal.desktop.gtk: Process org.freedesktop.impl.portal.desktop.gtk exited with status 1

(/usr/libexec/xdg-desktop-portal:3352): xdg-desktop-portal-WARNING **: 19:15:14.533: No skeleton to export
dbus-daemon[3081]: [session uid=1000 pid=3081 pidfd=5] Activating service name='org.freedesktop.impl.portal.desktop.gtk' requested by ':1.11' (uid=1000 pid=3352 comm="/usr/libexec/xdg-desktop-portal")

(xdg-desktop-portal-gtk:3452): Gtk-WARNING **: 19:15:14.541: cannot open display: 
dbus-daemon[3081]: [session uid=1000 pid=3081 pidfd=5] Activated service 'org.freedesktop.impl.portal.desktop.gtk' failed: Process org.freedesktop.impl.portal.desktop.gtk exited with status 1

(/usr/libexec/xdg-desktop-portal:3352): xdg-desktop-portal-WARNING **: 19:15:14.542: Failed to create print proxy: Error al llamar StartSereviceByName para org.freedesktop.impl.portal.desktop.gtk: Process org.freedesktop.impl.portal.desktop.gtk exited with status 1

(/usr/libexec/xdg-desktop-portal:3352): xdg-desktop-portal-WARNING **: 19:15:14.542: No skeleton to export
dbus-daemon[3081]: [session uid=1000 pid=3081 pidfd=5] Activating service name='org.freedesktop.impl.portal.desktop.gtk' requested by ':1.11' (uid=1000 pid=3352 comm="/usr/libexec/xdg-desktop-portal")

(xdg-desktop-portal-gtk:3457): Gtk-WARNING **: 19:15:14.550: cannot open display: 
dbus-daemon[3081]: [session uid=1000 pid=3081 pidfd=5] Activated service 'org.freedesktop.impl.portal.desktop.gtk' failed: Process org.freedesktop.impl.portal.desktop.gtk exited with status 1

(/usr/libexec/xdg-desktop-portal:3352): xdg-desktop-portal-WARNING **: 19:15:14.551: Failed to create notification proxy: Error al llamar StartSereviceByName para org.freedesktop.impl.portal.desktop.gtk: Process org.freedesktop.impl.portal.desktop.gtk exited with status 1

(/usr/libexec/xdg-desktop-portal:3352): xdg-desktop-portal-WARNING **: 19:15:14.551: No skeleton to export
dbus-daemon[3081]: [session uid=1000 pid=3081 pidfd=5] Activating service name='org.freedesktop.impl.portal.desktop.gtk' requested by ':1.11' (uid=1000 pid=3352 comm="/usr/libexec/xdg-desktop-portal")

(xdg-desktop-portal-gtk:3460): Gtk-WARNING **: 19:15:14.559: cannot open display: 
dbus-daemon[3081]: [session uid=1000 pid=3081 pidfd=5] Activated service 'org.freedesktop.impl.portal.desktop.gtk' failed: Process org.freedesktop.impl.portal.desktop.gtk exited with status 1

(/usr/libexec/xdg-desktop-portal:3352): xdg-desktop-portal-WARNING **: 19:15:14.560: Failed to create inhibit proxy: Error al llamar StartSereviceByName para org.freedesktop.impl.portal.desktop.gtk: Process org.freedesktop.impl.portal.desktop.gtk exited with status 1

(/usr/libexec/xdg-desktop-portal:3352): xdg-desktop-portal-WARNING **: 19:15:14.560: No skeleton to export
dbus-daemon[3081]: [session uid=1000 pid=3081 pidfd=5] Activating service name='org.freedesktop.impl.portal.desktop.gtk' requested by ':1.11' (uid=1000 pid=3352 comm="/usr/libexec/xdg-desktop-portal")

(xdg-desktop-portal-gtk:3465): Gtk-WARNING **: 19:15:14.576: cannot open display: 
dbus-daemon[3081]: [session uid=1000 pid=3081 pidfd=5] Activated service 'org.freedesktop.impl.portal.desktop.gtk' failed: Process org.freedesktop.impl.portal.desktop.gtk exited with status 1

(/usr/libexec/xdg-desktop-portal:3352): xdg-desktop-portal-WARNING **: 19:15:14.577: Failed to create access proxy: Error al llamar StartSereviceByName para org.freedesktop.impl.portal.desktop.gtk: Process org.freedesktop.impl.portal.desktop.gtk exited with status 1

(/usr/libexec/xdg-desktop-portal:3352): xdg-desktop-portal-WARNING **: 19:15:14.577: No skeleton to export
dbus-daemon[3081]: [session uid=1000 pid=3081 pidfd=5] Activating service name='org.freedesktop.impl.portal.desktop.gtk' requested by ':1.11' (uid=1000 pid=3352 comm="/usr/libexec/xdg-desktop-portal")

(xdg-desktop-portal-gtk:3471): Gtk-WARNING **: 19:15:14.584: cannot open display: 
dbus-daemon[3081]: [session uid=1000 pid=3081 pidfd=5] Activated service 'org.freedesktop.impl.portal.desktop.gtk' failed: Process org.freedesktop.impl.portal.desktop.gtk exited with status 1

(/usr/libexec/xdg-desktop-portal:3352): xdg-desktop-portal-WARNING **: 19:15:14.585: Failed to create account proxy: Error al llamar StartSereviceByName para org.freedesktop.impl.portal.desktop.gtk: Process org.freedesktop.impl.portal.desktop.gtk exited with status 1

(/usr/libexec/xdg-desktop-portal:3352): xdg-desktop-portal-WARNING **: 19:15:14.586: No skeleton to export
dbus-daemon[3081]: [session uid=1000 pid=3081 pidfd=5] Activating service name='org.freedesktop.impl.portal.desktop.gtk' requested by ':1.11' (uid=1000 pid=3352 comm="/usr/libexec/xdg-desktop-portal")

(xdg-desktop-portal-gtk:3476): Gtk-WARNING **: 19:15:14.593: cannot open display: 
dbus-daemon[3081]: [session uid=1000 pid=3081 pidfd=5] Activated service 'org.freedesktop.impl.portal.desktop.gtk' failed: Process org.freedesktop.impl.portal.desktop.gtk exited with status 1

(/usr/libexec/xdg-desktop-portal:3352): xdg-desktop-portal-WARNING **: 19:15:14.594: Failed to create email proxy: Error al llamar StartSereviceByName para org.freedesktop.impl.portal.desktop.gtk: Process org.freedesktop.impl.portal.desktop.gtk exited with status 1

(/usr/libexec/xdg-desktop-portal:3352): xdg-desktop-portal-WARNING **: 19:15:14.594: No skeleton to export
dbus-daemon[3081]: [session uid=1000 pid=3081 pidfd=5] Activating service name='org.freedesktop.impl.portal.desktop.gtk' requested by ':1.11' (uid=1000 pid=3352 comm="/usr/libexec/xdg-desktop-portal")

(xdg-desktop-portal-gtk:3480): Gtk-WARNING **: 19:15:14.601: cannot open display: 
dbus-daemon[3081]: [session uid=1000 pid=3081 pidfd=5] Activated service 'org.freedesktop.impl.portal.desktop.gtk' failed: Process org.freedesktop.impl.portal.desktop.gtk exited with status 1

(/usr/libexec/xdg-desktop-portal:3352): xdg-desktop-portal-WARNING **: 19:15:14.602: Failed to create dynamic_launcher proxy: Error al llamar StartSereviceByName para org.freedesktop.impl.portal.desktop.gtk: Process org.freedesktop.impl.portal.desktop.gtk exited with status 1

(/usr/libexec/xdg-desktop-portal:3352): xdg-desktop-portal-WARNING **: 19:15:14.602: No skeleton to export
dbus-daemon[3081]: [session uid=1000 pid=3081 pidfd=5] Successfully activated service 'org.freedesktop.portal.Desktop'
dbus-daemon[3081]: [session uid=1000 pid=3081 pidfd=5] Activating service name='org.bluez.obex' requested by ':1.12' (uid=1000 pid=3291 comm="/usr/bin/python3.13 /usr/bin/blueman-applet")
dbus-daemon[3081]: [session uid=1000 pid=3081 pidfd=5] Successfully activated service 'org.bluez.obex'
[2m2026-04-08T23:15:14.715403Z[0m [34mDEBUG[0m [2mniri_config[0m[2m:[0m loaded config from "/home/eleazar/.config/niri/config.kdl"
