[10:50:19.535][info] [#0:/home/eleazar/.local/share/nvim/mason/packages/lua-language-server/libexec/main.lua:71]: Lua Lsp startup, root: 	/home/eleazar/.local/share/nvim/mason/packages/lua-language-server/libexec
[10:50:19.535][info] [#0:/home/eleazar/.local/share/nvim/mason/packages/lua-language-server/libexec/main.lua:72]: ROOT:	/home/eleazar/.local/share/nvim/mason/packages/lua-language-server/libexec
[10:50:19.535][info] [#0:/home/eleazar/.local/share/nvim/mason/packages/lua-language-server/libexec/main.lua:73]: LOGPATH:	/home/eleazar/.local/share/nvim/mason/packages/lua-language-server/libexec/log
[10:50:19.535][info] [#0:/home/eleazar/.local/share/nvim/mason/packages/lua-language-server/libexec/main.lua:74]: METAPATH:	/home/eleazar/.local/share/nvim/mason/packages/lua-language-server/libexec/meta
[10:50:19.535][info] [#0:/home/eleazar/.local/share/nvim/mason/packages/lua-language-server/libexec/main.lua:75]: VERSION:	3.17.1
[10:50:19.554][info] [#0:script/proto/proto.lua:260]: Listen Mode: stdio
[10:50:19.554][info] [#0:script/service/service.lua:145]: 
========= Medical Examination Report =========
    --------------- Memory ---------------
        Total: 1.915 MB
        # 00 : 1.915 MB
        # 01 : 0.000 MB
        # 02 : 0.000 MB
        # 03 : 0.000 MB
        # 04 : 0.000 MB
    --------------- Coroutine ---------------
        Total:     0
        Running:   0
        Suspended: 0
        Normal:    0
        Dead:      0
    --------------- Cache ---------------
        Total: 1
        Dead:  0
    ---------------  RPC  ---------------
        Holdon:   0
        Waiting:  0
==============================================
[10:50:19.557][info] [#0:script/client.lua:657]: Client init	{
  capabilities = {
    general = {
      positionEncodings = { "utf-8", "utf-16", "utf-32" }
    },
    textDocument = {
      callHierarchy = {
        dynamicRegistration = false
      },
      codeAction = {
        codeActionLiteralSupport = {
          codeActionKind = {
            valueSet = { "", "quickfix", "refactor", "refactor.extract", "refactor.inline", "refactor.rewrite", "source", "source.organizeImports" }
          }
        },
        dataSupport = true,
        dynamicRegistration = true,
        isPreferredSupport = true,
        resolveSupport = {
          properties = { "edit", "command" }
        }
      },
      codeLens = {
        dynamicRegistration = false,
        resolveSupport = {
          properties = { "command" }
        }
      },
      completion = {
        completionItem = {
          commitCharactersSupport = true,
          deprecatedSupport = true,
          documentationFormat = { "markdown", "plaintext" },
          insertReplaceSupport = true,
          labelDetailsSupport = true,
          preselectSupport = true,
          resolveSupport = {
            properties = { "documentation", "detail", "additionalTextEdits" }
          },
          snippetSupport = true,
          tagSupport = {
            valueSet = { 1 }
          }
        },
        completionItemKind = {
          valueSet = { 1, 2, 3, 4, 5, 6, 7, 8, 9, 10, 11, 12, 13, 14, 15, 16, 17, 18, 19, 20, 21, 22, 23, 24, 25 }
        },
        completionList = {
          itemDefaults = { "editRange", "insertTextFormat", "insertTextMode", "data" }
        },
        contextSupport = true,
        dynamicRegistration = false
      },
      declaration = {
        linkSupport = true
      },
      definition = {
        dynamicRegistration = true,
        linkSupport = true
      },
      diagnostic = {
        dynamicRegistration = false,
        tagSupport = {
          valueSet = { 1, 2 }
        }
      },
      documentHighlight = {
        dynamicRegistration = false
      },
      documentSymbol = {
        dynamicRegistration = false,
        hierarchicalDocumentSymbolSupport = true,
        symbolKind = {
          valueSet = { 1, 2, 3, 4, 5, 6, 7, 8, 9, 10, 11, 12, 13, 14, 15, 16, 17, 18, 19, 20, 21, 22, 23, 24, 25, 26 }
        }
      },
      foldingRange = {
        dynamicRegistration = false,
        foldingRange = {
          collapsedText = true
        },
        foldingRangeKind = {
          valueSet = { "comment", "imports", "region" }
        },
        lineFoldingOnly = true
      },
      formatting = {
        dynamicRegistration = true
      },
      hover = {
        contentFormat = { "markdown", "plaintext" },
        dynamicRegistration = true
      },
      implementation = {
        linkSupport = true
      },
      inlayHint = {
        dynamicRegistration = true,
        resolveSupport = {
          properties = { "textEdits", "tooltip", "location", "command" }
        }
      },
      publishDiagnostics = {
        dataSupport = true,
        relatedInformation = true,
        tagSupport = {
          valueSet = { 1, 2 }
        }
      },
      rangeFormatting = {
        dynamicRegistration = true,
        rangesSupport = true
      },
      references = {
        dynamicRegistration = false
      },
      rename = {
        dynamicRegistration = true,
        prepareSupport = true
      },
      semanticTokens = {
        augmentsSyntaxTokens = true,
        dynamicRegistration = false,
        formats = { "relative" },
        multilineTokenSupport = false,
        overlappingTokenSupport = true,
        requests = {
          full = {
            delta = true
          },
          range = false
        },
        serverCancelSupport = false,
        tokenModifiers = { "declaration", "definition", "readonly", "static", "deprecated", "abstract", "async", "modification", "documentation", "defaultLibrary" },
        tokenTypes = { "namespace", "type", "class", "enum", "interface", "struct", "typeParameter", "parameter", "variable", "property", "enumMember", "event", "function", "method", "macro", "keyword", "modifier", "comment", "string", "number", "regexp", "operator", "decorator" }
      },
      signatureHelp = {
        dynamicRegistration = false,
        signatureInformation = {
          activeParameterSupport = true,
          documentationFormat = { "markdown", "plaintext" },
          parameterInformation = {
            labelOffsetSupport = true
          }
        }
      },
      synchronization = {
        didSave = true,
        dynamicRegistration = false,
        willSave = true,
        willSaveWaitUntil = true
      },
      typeDefinition = {
        linkSupport = true
      }
    },
    window = {
      showDocument = {
        support = true
      },
      showMessage = {
        messageActionItem = {
          additionalPropertiesSupport = true
        }
      },
      workDoneProgress = true
    },
    workspace = {
      applyEdit = true,
      configuration = true,
      didChangeConfiguration = {
        dynamicRegistration = false
      },
      didChangeWatchedFiles = {
        dynamicRegistration = false,
        relativePatternSupport = true
      },
      inlayHint = {
        refreshSupport = true
      },
      semanticTokens = {
        refreshSupport = true
      },
      symbol = {
        dynamicRegistration = false,
        symbolKind = {
          valueSet = { 1, 2, 3, 4, 5, 6, 7, 8, 9, 10, 11, 12, 13, 14, 15, 16, 17, 18, 19, 20, 21, 22, 23, 24, 25, 26 }
        }
      },
      workspaceEdit = {
        resourceOperations = { "rename", "create", "delete" }
      },
      workspaceFolders = true
    }
  },
  clientInfo = {
    name = "Neovim",
    version = "0.11.6"
  },
  processId = 27694,
  rootPath = "/home/eleazar/.config/nvim",
  rootUri = "file:///home/eleazar/.config/nvim",
  trace = "off",
  workDoneToken = "1",
  workspaceFolders = { {
      name = "/home/eleazar/.config/nvim",
      uri = "file:///home/eleazar/.config/nvim"
    } }
}
[10:50:19.557][info] [#0:script/language.lua:137]: VSC language: nil
[10:50:19.557][info] [#0:script/language.lua:138]: LS  language: en-us
[10:50:19.557][info] [#0:script/workspace/workspace.lua:38]: Workspace init root: 	file:///home/eleazar/.config/nvim
[10:50:19.557][info] [#0:script/workspace/workspace.lua:42]: Log path: 	/home/eleazar/.local/share/nvim/mason/packages/lua-language-server/libexec/log/file_home_eleazar_.config_nvim.log
[10:50:19.557][info] [#0:script/workspace/workspace.lua:48]: Workspace create: 	file:///home/eleazar/.config/nvim
[10:50:19.560][info] [#0:script/provider/provider.lua:49]: Load config from client	file:///home/eleazar/.config/nvim
[10:50:19.560][info] [#0:script/provider/provider.lua:50]: {
  Lua = {
    codeLens = {
      enable = true
    },
    hint = {
      enable = true,
      semicolon = "Disable"
    },
    runtime = {
      version = "LuaJIT"
    },
    workspace = {
      library = { "/usr/share/nvim/runtime/lua", "/home/eleazar/.local/share/nvim/lazy/ui/nvchad_types", "/home/eleazar/.local/share/nvim/lazy/lazy.nvim/lua/lazy", "${3rd}/luv/library" }
    }
  }
}
[10:50:19.560][info] [#0:script/provider/provider.lua:49]: Load config from client	file:///home/eleazar/.config/nvim
[10:50:19.560][info] [#0:script/provider/provider.lua:50]: {
  Lua = {
    codeLens = {
      enable = true
    },
    hint = {
      enable = true,
      semicolon = "Disable"
    },
    runtime = {
      version = "LuaJIT"
    },
    workspace = {
      library = { "/usr/share/nvim/runtime/lua", "/home/eleazar/.local/share/nvim/lazy/ui/nvchad_types", "/home/eleazar/.local/share/nvim/lazy/lazy.nvim/lua/lazy", "${3rd}/luv/library" }
    }
  }
}
[10:50:19.563][info] [#0:script/provider/provider.lua:65]: Load config from client	fallback
[10:50:19.563][info] [#0:script/provider/provider.lua:66]: {
  Lua = {
    codeLens = {
      enable = true
    },
    hint = {
      enable = true,
      semicolon = "Disable"
    },
    runtime = {
      version = "LuaJIT"
    },
    workspace = {
      library = { "/usr/share/nvim/runtime/lua", "/home/eleazar/.local/share/nvim/lazy/ui/nvchad_types", "/home/eleazar/.local/share/nvim/lazy/lazy.nvim/lua/lazy", "${3rd}/luv/library" }
    }
  }
}
[10:50:19.563][info] [#0:script/provider/provider.lua:65]: Load config from client	fallback
[10:50:19.563][info] [#0:script/provider/provider.lua:66]: {
  Lua = {
    codeLens = {
      enable = true
    },
    hint = {
      enable = true,
      semicolon = "Disable"
    },
    runtime = {
      version = "LuaJIT"
    },
    workspace = {
      library = { "/usr/share/nvim/runtime/lua", "/home/eleazar/.local/share/nvim/lazy/ui/nvchad_types", "/home/eleazar/.local/share/nvim/lazy/lazy.nvim/lua/lazy", "${3rd}/luv/library" }
    }
  }
}
[10:50:19.763][info] [#0:script/library.lua:216]: Init builtin library at:	file:///home/eleazar/.config/nvim
[10:50:19.771][info] [#0:script/library.lua:216]: Init builtin library at:	nil
[10:50:19.877][info] [#0:script/workspace/workspace.lua:332]: Preload start:	file:///home/eleazar/.config/nvim
[10:50:19.879][info] [#0:script/workspace/workspace.lua:338]: Scan files at:	file:///home/eleazar/.config/nvim
[10:50:19.880][info] [#0:script/workspace/workspace.lua:332]: Preload start:	<fallback>
[10:50:19.882][info] [#0:script/workspace/workspace.lua:361]: Scan library at:	file:///home/eleazar/.local/share/nvim/mason/packages/lua-language-server/libexec/meta/LuaJIT%20en-us%20utf8/table.lua
[10:50:19.883][info] [#0:script/workspace/workspace.lua:361]: Scan library at:	file:///home/eleazar/.local/share/nvim/mason/packages/lua-language-server/libexec/meta/LuaJIT%20en-us%20utf8/io.lua
[10:50:19.883][info] [#0:script/workspace/workspace.lua:361]: Scan library at:	file:///home/eleazar/.local/share/nvim/mason/packages/lua-language-server/libexec/meta/LuaJIT%20en-us%20utf8/coroutine.lua
[10:50:19.883][info] [#0:script/workspace/workspace.lua:361]: Scan library at:	file:///home/eleazar/.local/share/nvim/lazy/lazy.nvim/lua/lazy
[10:50:19.884][info] [#0:script/workspace/workspace.lua:361]: Scan library at:	file:///home/eleazar/.local/share/nvim/mason/packages/lua-language-server/libexec/meta/LuaJIT%20en-us%20utf8/table.lua
[10:50:19.884][info] [#0:script/workspace/workspace.lua:361]: Scan library at:	file:///home/eleazar/.local/share/nvim/mason/packages/lua-language-server/libexec/meta/LuaJIT%20en-us%20utf8/io.lua
[10:50:19.884][info] [#0:script/workspace/workspace.lua:361]: Scan library at:	file:///home/eleazar/.local/share/nvim/mason/packages/lua-language-server/libexec/meta/LuaJIT%20en-us%20utf8/coroutine.lua
[10:50:19.885][info] [#0:script/workspace/workspace.lua:361]: Scan library at:	file:///home/eleazar/.local/share/nvim/lazy/lazy.nvim/lua/lazy
[10:50:19.886][info] [#0:script/workspace/workspace.lua:361]: Scan library at:	file:///home/eleazar/.local/share/nvim/mason/packages/lua-language-server/libexec/meta/LuaJIT%20en-us%20utf8/string.lua
[10:50:19.887][info] [#0:script/workspace/workspace.lua:361]: Scan library at:	file:///home/eleazar/.local/share/nvim/lazy/ui/nvchad_types
[10:50:19.887][info] [#0:script/workspace/workspace.lua:361]: Scan library at:	file:///home/eleazar/.local/share/nvim/mason/packages/lua-language-server/libexec/meta/LuaJIT%20en-us%20utf8/ffi.lua
[10:50:19.887][info] [#0:script/workspace/workspace.lua:361]: Scan library at:	file:///home/eleazar/.local/share/nvim/mason/packages/lua-language-server/libexec/meta/LuaJIT%20en-us%20utf8/math.lua
[10:50:19.887][info] [#0:script/workspace/workspace.lua:361]: Scan library at:	file:///home/eleazar/.local/share/nvim/mason/packages/lua-language-server/libexec/meta/LuaJIT%20en-us%20utf8/bit.lua
[10:50:19.887][info] [#0:script/workspace/workspace.lua:361]: Scan library at:	file:///home/eleazar/.local/share/nvim/mason/packages/lua-language-server/libexec/meta/LuaJIT%20en-us%20utf8/jit/profile.lua
[10:50:19.887][info] [#0:script/workspace/workspace.lua:361]: Scan library at:	file:///home/eleazar/.local/share/nvim/mason/packages/lua-language-server/libexec/meta/3rd/luv/library
[10:50:19.888][info] [#0:script/workspace/workspace.lua:361]: Scan library at:	file:///home/eleazar/.local/share/nvim/mason/packages/lua-language-server/libexec/meta/LuaJIT%20en-us%20utf8/string.lua
[10:50:19.888][info] [#0:script/workspace/workspace.lua:361]: Scan library at:	file:///home/eleazar/.local/share/nvim/lazy/ui/nvchad_types
[10:50:19.889][info] [#0:script/workspace/workspace.lua:361]: Scan library at:	file:///home/eleazar/.local/share/nvim/mason/packages/lua-language-server/libexec/meta/LuaJIT%20en-us%20utf8/ffi.lua
[10:50:19.889][info] [#0:script/workspace/workspace.lua:361]: Scan library at:	file:///home/eleazar/.local/share/nvim/mason/packages/lua-language-server/libexec/meta/LuaJIT%20en-us%20utf8/math.lua
[10:50:19.889][info] [#0:script/workspace/workspace.lua:361]: Scan library at:	file:///home/eleazar/.local/share/nvim/mason/packages/lua-language-server/libexec/meta/LuaJIT%20en-us%20utf8/bit.lua
[10:50:19.889][info] [#0:script/workspace/workspace.lua:361]: Scan library at:	file:///home/eleazar/.local/share/nvim/mason/packages/lua-language-server/libexec/meta/LuaJIT%20en-us%20utf8/jit/profile.lua
[10:50:19.889][info] [#0:script/workspace/workspace.lua:361]: Scan library at:	file:///home/eleazar/.local/share/nvim/mason/packages/lua-language-server/libexec/meta/3rd/luv/library
[10:50:19.889][info] [#0:script/workspace/workspace.lua:361]: Scan library at:	file:///home/eleazar/.local/share/nvim/mason/packages/lua-language-server/libexec/meta/LuaJIT%20en-us%20utf8/table/new.lua
[10:50:19.889][info] [#0:script/workspace/workspace.lua:361]: Scan library at:	file:///home/eleazar/.local/share/nvim/mason/packages/lua-language-server/libexec/meta/LuaJIT%20en-us%20utf8/string/buffer.lua
[10:50:19.890][info] [#0:script/workspace/workspace.lua:361]: Scan library at:	file:///home/eleazar/.local/share/nvim/mason/packages/lua-language-server/libexec/meta/LuaJIT%20en-us%20utf8/basic.lua
[10:50:19.890][info] [#0:script/workspace/workspace.lua:361]: Scan library at:	file:///home/eleazar/.local/share/nvim/mason/packages/lua-language-server/libexec/meta/LuaJIT%20en-us%20utf8/debug.lua
[10:50:19.890][info] [#0:script/workspace/workspace.lua:361]: Scan library at:	file:///home/eleazar/.local/share/nvim/mason/packages/lua-language-server/libexec/meta/LuaJIT%20en-us%20utf8/builtin.lua
[10:50:19.890][info] [#0:script/workspace/workspace.lua:361]: Scan library at:	file:///home/eleazar/.local/share/nvim/mason/packages/lua-language-server/libexec/meta/LuaJIT%20en-us%20utf8/package.lua
[10:50:19.890][info] [#0:script/workspace/workspace.lua:361]: Scan library at:	file:///home/eleazar/.local/share/nvim/mason/packages/lua-language-server/libexec/meta/LuaJIT%20en-us%20utf8/os.lua
[10:50:19.890][info] [#0:script/workspace/workspace.lua:361]: Scan library at:	file:///usr/share/nvim/runtime/lua
[10:50:19.892][info] [#0:script/workspace/workspace.lua:361]: Scan library at:	file:///home/eleazar/.local/share/nvim/mason/packages/lua-language-server/libexec/meta/LuaJIT%20en-us%20utf8/table/new.lua
[10:50:19.892][info] [#0:script/workspace/workspace.lua:361]: Scan library at:	file:///home/eleazar/.local/share/nvim/mason/packages/lua-language-server/libexec/meta/LuaJIT%20en-us%20utf8/string/buffer.lua
[10:50:19.892][info] [#0:script/workspace/workspace.lua:361]: Scan library at:	file:///home/eleazar/.local/share/nvim/mason/packages/lua-language-server/libexec/meta/LuaJIT%20en-us%20utf8/basic.lua
[10:50:19.892][info] [#0:script/workspace/workspace.lua:361]: Scan library at:	file:///home/eleazar/.local/share/nvim/mason/packages/lua-language-server/libexec/meta/LuaJIT%20en-us%20utf8/debug.lua
[10:50:19.892][info] [#0:script/workspace/workspace.lua:361]: Scan library at:	file:///home/eleazar/.local/share/nvim/mason/packages/lua-language-server/libexec/meta/LuaJIT%20en-us%20utf8/builtin.lua
[10:50:19.892][info] [#0:script/workspace/workspace.lua:361]: Scan library at:	file:///home/eleazar/.local/share/nvim/mason/packages/lua-language-server/libexec/meta/LuaJIT%20en-us%20utf8/package.lua
[10:50:19.892][info] [#0:script/workspace/workspace.lua:361]: Scan library at:	file:///home/eleazar/.local/share/nvim/mason/packages/lua-language-server/libexec/meta/LuaJIT%20en-us%20utf8/os.lua
[10:50:19.892][info] [#0:script/workspace/workspace.lua:361]: Scan library at:	file:///usr/share/nvim/runtime/lua
[10:50:19.896][info] [#0:script/workspace/workspace.lua:361]: Scan library at:	file:///home/eleazar/.local/share/nvim/mason/packages/lua-language-server/libexec/meta/LuaJIT%20en-us%20utf8/jit/util.lua
[10:50:19.896][info] [#0:script/workspace/workspace.lua:361]: Scan library at:	file:///home/eleazar/.local/share/nvim/mason/packages/lua-language-server/libexec/meta/LuaJIT%20en-us%20utf8/table/clear.lua
[10:50:19.896][info] [#0:script/workspace/workspace.lua:361]: Scan library at:	file:///home/eleazar/.local/share/nvim/mason/packages/lua-language-server/libexec/meta/LuaJIT%20en-us%20utf8/jit.lua
[10:50:19.897][info] [#0:script/workspace/workspace.lua:361]: Scan library at:	file:///home/eleazar/.local/share/nvim/mason/packages/lua-language-server/libexec/meta/LuaJIT%20en-us%20utf8/jit/util.lua
[10:50:19.897][info] [#0:script/workspace/workspace.lua:361]: Scan library at:	file:///home/eleazar/.local/share/nvim/mason/packages/lua-language-server/libexec/meta/LuaJIT%20en-us%20utf8/table/clear.lua
[10:50:19.897][info] [#0:script/workspace/workspace.lua:361]: Scan library at:	file:///home/eleazar/.local/share/nvim/mason/packages/lua-language-server/libexec/meta/LuaJIT%20en-us%20utf8/jit.lua
[10:50:20.083][info] [#0:script/workspace/workspace.lua:387]: Found 206 files at:	<fallback>
[10:50:20.083][info] [#0:script/workspace/loading.lua:160]: Load files from disk:	<fallback>
[10:50:20.083][info] [#0:script/workspace/workspace.lua:387]: Found 217 files at:	file:///home/eleazar/.config/nvim
[10:50:20.083][info] [#0:script/workspace/loading.lua:160]: Load files from disk:	file:///home/eleazar/.config/nvim
[10:50:20.084][info] [#0:script/workspace/loading.lua:100]: Preload file at: file:///home/eleazar/.local/share/nvim/mason/packages/lua-language-server/libexec/meta/LuaJIT%20en-us%20utf8/jit.lua , size = 0.884 KB
[10:50:20.085][info] [#0:script/workspace/loading.lua:112]: ++++As library of:	file:///home/eleazar/.local/share/nvim/mason/packages/lua-language-server/libexec/meta/LuaJIT%20en-us%20utf8/jit.lua
[10:50:20.085][info] [#0:script/workspace/loading.lua:97]: Skip loaded file: file:///home/eleazar/.local/share/nvim/mason/packages/lua-language-server/libexec/meta/LuaJIT%20en-us%20utf8/jit.lua
[10:50:20.085][info] [#0:script/workspace/loading.lua:100]: Preload file at: file:///home/eleazar/.local/share/nvim/mason/packages/lua-language-server/libexec/meta/LuaJIT%20en-us%20utf8/table/clear.lua , size = 0.797 KB
[10:50:20.086][info] [#0:script/workspace/loading.lua:112]: ++++As library of:	file:///home/eleazar/.local/share/nvim/mason/packages/lua-language-server/libexec/meta/LuaJIT%20en-us%20utf8/table/clear.lua
[10:50:20.086][info] [#0:script/workspace/loading.lua:97]: Skip loaded file: file:///home/eleazar/.local/share/nvim/mason/packages/lua-language-server/libexec/meta/LuaJIT%20en-us%20utf8/table/clear.lua
[10:50:20.086][info] [#0:script/workspace/loading.lua:100]: Preload file at: file:///home/eleazar/.local/share/nvim/mason/packages/lua-language-server/libexec/meta/LuaJIT%20en-us%20utf8/jit/util.lua , size = 1.984 KB
[10:50:20.087][info] [#0:script/workspace/loading.lua:112]: ++++As library of:	file:///home/eleazar/.local/share/nvim/mason/packages/lua-language-server/libexec/meta/LuaJIT%20en-us%20utf8/jit/util.lua
[10:50:20.087][info] [#0:script/workspace/loading.lua:97]: Skip loaded file: file:///home/eleazar/.local/share/nvim/mason/packages/lua-language-server/libexec/meta/LuaJIT%20en-us%20utf8/jit/util.lua
[10:50:20.087][info] [#0:script/workspace/loading.lua:100]: Preload file at: file:///usr/share/nvim/runtime/lua/vim/version.lua , size = 13.624 KB
[10:50:20.094][info] [#0:script/workspace/loading.lua:112]: ++++As library of:	file:///usr/share/nvim/runtime/lua
[10:50:20.094][info] [#0:script/workspace/loading.lua:97]: Skip loaded file: file:///usr/share/nvim/runtime/lua/vim/version.lua
[10:50:20.094][info] [#0:script/workspace/loading.lua:100]: Preload file at: file:///usr/share/nvim/runtime/lua/vim/uri.lua , size = 3.614 KB
[10:50:20.096][info] [#0:script/workspace/loading.lua:112]: ++++As library of:	file:///usr/share/nvim/runtime/lua
[10:50:20.096][info] [#0:script/workspace/loading.lua:97]: Skip loaded file: file:///usr/share/nvim/runtime/lua/vim/uri.lua
[10:50:20.096][info] [#0:script/workspace/loading.lua:100]: Preload file at: file:///usr/share/nvim/runtime/lua/vim/ui/clipboard/osc52.lua , size = 2.146 KB
[10:50:20.098][info] [#0:script/workspace/loading.lua:112]: ++++As library of:	file:///usr/share/nvim/runtime/lua
[10:50:20.098][info] [#0:script/workspace/loading.lua:97]: Skip loaded file: file:///usr/share/nvim/runtime/lua/vim/ui/clipboard/osc52.lua
[10:50:20.099][info] [#0:script/workspace/loading.lua:100]: Preload file at: file:///usr/share/nvim/runtime/lua/vim/treesitter/query.lua , size = 37.730 KB
[10:50:20.113][info] [#0:script/workspace/loading.lua:112]: ++++As library of:	file:///usr/share/nvim/runtime/lua
[10:50:20.113][info] [#0:script/workspace/loading.lua:97]: Skip loaded file: file:///usr/share/nvim/runtime/lua/vim/treesitter/query.lua
[10:50:20.114][info] [#0:script/workspace/loading.lua:100]: Preload file at: file:///usr/share/nvim/runtime/lua/vim/treesitter/languagetree.lua , size = 40.306 KB
[10:50:20.132][info] [#0:script/workspace/loading.lua:112]: ++++As library of:	file:///usr/share/nvim/runtime/lua
[10:50:20.132][info] [#0:script/workspace/loading.lua:97]: Skip loaded file: file:///usr/share/nvim/runtime/lua/vim/treesitter/languagetree.lua
[10:50:20.132][info] [#0:script/workspace/loading.lua:100]: Preload file at: file:///usr/share/nvim/runtime/lua/vim/treesitter/language.lua , size = 5.382 KB
[10:50:20.134][info] [#0:script/workspace/loading.lua:112]: ++++As library of:	file:///usr/share/nvim/runtime/lua
[10:50:20.134][info] [#0:script/workspace/loading.lua:97]: Skip loaded file: file:///usr/share/nvim/runtime/lua/vim/treesitter/language.lua
[10:50:20.134][info] [#0:script/workspace/loading.lua:100]: Preload file at: file:///usr/share/nvim/runtime/lua/vim/treesitter/highlighter.lua , size = 16.760 KB
[10:50:20.141][info] [#0:script/workspace/loading.lua:112]: ++++As library of:	file:///usr/share/nvim/runtime/lua
[10:50:20.141][info] [#0:script/workspace/loading.lua:97]: Skip loaded file: file:///usr/share/nvim/runtime/lua/vim/treesitter/highlighter.lua
[10:50:20.141][info] [#0:script/workspace/loading.lua:100]: Preload file at: file:///usr/share/nvim/runtime/lua/vim/treesitter/health.lua , size = 2.054 KB
[10:50:20.142][info] [#0:script/workspace/loading.lua:112]: ++++As library of:	file:///usr/share/nvim/runtime/lua
[10:50:20.142][info] [#0:script/workspace/loading.lua:97]: Skip loaded file: file:///usr/share/nvim/runtime/lua/vim/treesitter/health.lua
[10:50:20.142][info] [#0:script/workspace/loading.lua:100]: Preload file at: file:///usr/share/nvim/runtime/lua/vim/treesitter/_range.lua , size = 3.923 KB
[10:50:20.145][info] [#0:script/workspace/loading.lua:112]: ++++As library of:	file:///usr/share/nvim/runtime/lua
[10:50:20.145][info] [#0:script/workspace/loading.lua:97]: Skip loaded file: file:///usr/share/nvim/runtime/lua/vim/treesitter/_range.lua
[10:50:20.145][info] [#0:script/workspace/loading.lua:100]: Preload file at: file:///usr/share/nvim/runtime/lua/vim/treesitter/_query_linter.lua , size = 7.818 KB
[10:50:20.149][info] [#0:script/workspace/loading.lua:112]: ++++As library of:	file:///usr/share/nvim/runtime/lua
[10:50:20.149][info] [#0:script/workspace/loading.lua:97]: Skip loaded file: file:///usr/share/nvim/runtime/lua/vim/treesitter/_query_linter.lua
[10:50:20.149][info] [#0:script/workspace/loading.lua:100]: Preload file at: file:///usr/share/nvim/runtime/lua/vim/treesitter/_meta/tstree.lua , size = 1.252 KB
[10:50:20.150][info] [#0:script/workspace/loading.lua:112]: ++++As library of:	file:///usr/share/nvim/runtime/lua
[10:50:20.150][info] [#0:script/workspace/loading.lua:97]: Skip loaded file: file:///usr/share/nvim/runtime/lua/vim/treesitter/_meta/tstree.lua
[10:50:20.150][info] [#0:script/workspace/loading.lua:100]: Preload file at: file:///usr/share/nvim/runtime/lua/vim/treesitter/_meta/tsquery.lua , size = 1.860 KB
[10:50:20.151][info] [#0:script/workspace/loading.lua:112]: ++++As library of:	file:///usr/share/nvim/runtime/lua
[10:50:20.151][info] [#0:script/workspace/loading.lua:97]: Skip loaded file: file:///usr/share/nvim/runtime/lua/vim/treesitter/_meta/tsquery.lua
[10:50:20.151][info] [#0:script/workspace/loading.lua:100]: Preload file at: file:///usr/share/nvim/runtime/lua/vim/treesitter/_meta/tsnode.lua , size = 5.839 KB
[10:50:20.153][info] [#0:script/workspace/loading.lua:112]: ++++As library of:	file:///usr/share/nvim/runtime/lua
[10:50:20.153][info] [#0:script/workspace/loading.lua:97]: Skip loaded file: file:///usr/share/nvim/runtime/lua/vim/treesitter/_meta/tsnode.lua
[10:50:20.153][info] [#0:script/workspace/loading.lua:100]: Preload file at: file:///usr/share/nvim/runtime/lua/vim/treesitter/_meta/misc.lua , size = 2.809 KB
[10:50:20.155][info] [#0:script/workspace/loading.lua:112]: ++++As library of:	file:///usr/share/nvim/runtime/lua
[10:50:20.155][info] [#0:script/workspace/loading.lua:97]: Skip loaded file: file:///usr/share/nvim/runtime/lua/vim/treesitter/_meta/misc.lua
[10:50:20.155][info] [#0:script/workspace/loading.lua:100]: Preload file at: file:///usr/share/nvim/runtime/lua/vim/treesitter/_headings.lua , size = 3.985 KB
[10:50:20.157][info] [#0:script/workspace/loading.lua:112]: ++++As library of:	file:///usr/share/nvim/runtime/lua
[10:50:20.157][info] [#0:script/workspace/loading.lua:97]: Skip loaded file: file:///usr/share/nvim/runtime/lua/vim/treesitter/_headings.lua
[10:50:20.157][info] [#0:script/workspace/loading.lua:100]: Preload file at: file:///usr/share/nvim/runtime/lua/vim/treesitter/_fold.lua , size = 14.803 KB
[10:50:20.163][info] [#0:script/workspace/loading.lua:112]: ++++As library of:	file:///usr/share/nvim/runtime/lua
[10:50:20.163][info] [#0:script/workspace/loading.lua:97]: Skip loaded file: file:///usr/share/nvim/runtime/lua/vim/treesitter/_fold.lua
[10:50:20.163][info] [#0:script/workspace/loading.lua:100]: Preload file at: file:///usr/share/nvim/runtime/lua/vim/treesitter/dev.lua , size = 21.229 KB
[10:50:20.174][info] [#0:script/workspace/loading.lua:112]: ++++As library of:	file:///usr/share/nvim/runtime/lua
[10:50:20.174][info] [#0:script/workspace/loading.lua:97]: Skip loaded file: file:///usr/share/nvim/runtime/lua/vim/treesitter/dev.lua
[10:50:20.174][info] [#0:script/workspace/loading.lua:100]: Preload file at: file:///usr/share/nvim/runtime/lua/vim/treesitter.lua , size = 15.239 KB
[10:50:20.182][info] [#0:script/workspace/loading.lua:112]: ++++As library of:	file:///usr/share/nvim/runtime/lua
[10:50:20.182][info] [#0:script/workspace/loading.lua:97]: Skip loaded file: file:///usr/share/nvim/runtime/lua/vim/treesitter.lua
[10:50:20.182][info] [#0:script/workspace/loading.lua:100]: Preload file at: file:///usr/share/nvim/runtime/lua/vim/text.lua , size = 4.512 KB
[10:50:20.185][info] [#0:script/workspace/loading.lua:112]: ++++As library of:	file:///usr/share/nvim/runtime/lua
[10:50:20.185][info] [#0:script/workspace/loading.lua:97]: Skip loaded file: file:///usr/share/nvim/runtime/lua/vim/text.lua
[10:50:20.185][info] [#0:script/workspace/loading.lua:100]: Preload file at: file:///usr/share/nvim/runtime/lua/vim/termcap.lua , size = 2.952 KB
[10:50:20.187][info] [#0:script/workspace/loading.lua:112]: ++++As library of:	file:///usr/share/nvim/runtime/lua
[10:50:20.187][info] [#0:script/workspace/loading.lua:97]: Skip loaded file: file:///usr/share/nvim/runtime/lua/vim/termcap.lua
[10:50:20.187][info] [#0:script/workspace/loading.lua:100]: Preload file at: file:///usr/share/nvim/runtime/lua/vim/snippet.lua , size = 19.841 KB
[10:50:20.198][info] [#0:script/workspace/loading.lua:112]: ++++As library of:	file:///usr/share/nvim/runtime/lua
[10:50:20.198][info] [#0:script/workspace/loading.lua:97]: Skip loaded file: file:///usr/share/nvim/runtime/lua/vim/snippet.lua
[10:50:20.202][info] [#0:script/workspace/loading.lua:100]: Preload file at: file:///usr/share/nvim/runtime/lua/vim/re.lua , size = 6.527 KB
[10:50:20.206][info] [#0:script/workspace/loading.lua:112]: ++++As library of:	file:///usr/share/nvim/runtime/lua
[10:50:20.206][info] [#0:script/workspace/loading.lua:97]: Skip loaded file: file:///usr/share/nvim/runtime/lua/vim/re.lua
[10:50:20.206][info] [#0:script/workspace/loading.lua:100]: Preload file at: file:///usr/share/nvim/runtime/lua/vim/provider/ruby.lua , size = 1.563 KB
[10:50:20.207][info] [#0:script/workspace/loading.lua:112]: ++++As library of:	file:///usr/share/nvim/runtime/lua
[10:50:20.207][info] [#0:script/workspace/loading.lua:97]: Skip loaded file: file:///usr/share/nvim/runtime/lua/vim/provider/ruby.lua
[10:50:20.207][info] [#0:script/workspace/loading.lua:100]: Preload file at: file:///usr/share/nvim/runtime/lua/vim/provider/python.lua , size = 4.292 KB
[10:50:20.210][info] [#0:script/workspace/loading.lua:112]: ++++As library of:	file:///usr/share/nvim/runtime/lua
[10:50:20.210][info] [#0:script/workspace/loading.lua:97]: Skip loaded file: file:///usr/share/nvim/runtime/lua/vim/provider/python.lua
[10:50:20.210][info] [#0:script/workspace/loading.lua:100]: Preload file at: file:///usr/share/nvim/runtime/lua/vim/provider/perl.lua , size = 1.998 KB
[10:50:20.211][info] [#0:script/workspace/loading.lua:112]: ++++As library of:	file:///usr/share/nvim/runtime/lua
[10:50:20.211][info] [#0:script/workspace/loading.lua:97]: Skip loaded file: file:///usr/share/nvim/runtime/lua/vim/provider/perl.lua
[10:50:20.211][info] [#0:script/workspace/loading.lua:100]: Preload file at: file:///usr/share/nvim/runtime/lua/vim/provider/health.lua , size = 29.915 KB
[10:50:20.222][info] [#0:script/workspace/loading.lua:112]: ++++As library of:	file:///usr/share/nvim/runtime/lua
[10:50:20.222][info] [#0:script/workspace/loading.lua:97]: Skip loaded file: file:///usr/share/nvim/runtime/lua/vim/provider/health.lua
[10:50:20.222][info] [#0:script/workspace/loading.lua:100]: Preload file at: file:///usr/share/nvim/runtime/lua/vim/provider.lua , size = 0.197 KB
[10:50:20.223][info] [#0:script/workspace/loading.lua:112]: ++++As library of:	file:///usr/share/nvim/runtime/lua
[10:50:20.223][info] [#0:script/workspace/loading.lua:97]: Skip loaded file: file:///usr/share/nvim/runtime/lua/vim/provider.lua
[10:50:20.223][info] [#0:script/workspace/loading.lua:100]: Preload file at: file:///usr/share/nvim/runtime/lua/vim/lsp/util.lua , size = 75.079 KB
[10:50:20.253][info] [#0:script/workspace/loading.lua:112]: ++++As library of:	file:///usr/share/nvim/runtime/lua
[10:50:20.253][info] [#0:script/workspace/loading.lua:97]: Skip loaded file: file:///usr/share/nvim/runtime/lua/vim/lsp/util.lua
[10:50:20.253][info] [#0:script/workspace/loading.lua:100]: Preload file at: file:///usr/share/nvim/runtime/lua/vim/lsp/sync.lua , size = 15.728 KB
[10:50:20.258][info] [#0:script/workspace/loading.lua:112]: ++++As library of:	file:///usr/share/nvim/runtime/lua
[10:50:20.258][info] [#0:script/workspace/loading.lua:97]: Skip loaded file: file:///usr/share/nvim/runtime/lua/vim/lsp/sync.lua
[10:50:20.258][info] [#0:script/workspace/loading.lua:100]: Preload file at: file:///usr/share/nvim/runtime/lua/vim/lsp/semantic_tokens.lua , size = 27.239 KB
[10:50:20.274][info] [#0:script/workspace/loading.lua:112]: ++++As library of:	file:///usr/share/nvim/runtime/lua
[10:50:20.275][info] [#0:script/workspace/loading.lua:97]: Skip loaded file: file:///usr/share/nvim/runtime/lua/vim/lsp/semantic_tokens.lua
[10:50:20.275][info] [#0:script/workspace/loading.lua:100]: Preload file at: file:///usr/share/nvim/runtime/lua/vim/lsp/rpc.lua , size = 22.153 KB
[10:50:20.286][info] [#0:script/workspace/loading.lua:112]: ++++As library of:	file:///usr/share/nvim/runtime/lua
[10:50:20.286][info] [#0:script/workspace/loading.lua:97]: Skip loaded file: file:///usr/share/nvim/runtime/lua/vim/lsp/rpc.lua
[10:50:20.286][info] [#0:script/workspace/loading.lua:100]: Preload file at: file:///usr/share/nvim/runtime/lua/vim/lsp/protocol.lua , size = 45.016 KB
[10:50:20.296][info] [#0:script/workspace/loading.lua:112]: ++++As library of:	file:///usr/share/nvim/runtime/lua
[10:50:20.296][info] [#0:script/workspace/loading.lua:97]: Skip loaded file: file:///usr/share/nvim/runtime/lua/vim/lsp/protocol.lua
[10:50:20.296][info] [#0:script/workspace/loading.lua:100]: Preload file at: file:///usr/share/nvim/runtime/lua/vim/lsp/log.lua , size = 5.593 KB
[10:50:20.299][info] [#0:script/workspace/loading.lua:112]: ++++As library of:	file:///usr/share/nvim/runtime/lua
[10:50:20.299][info] [#0:script/workspace/loading.lua:97]: Skip loaded file: file:///usr/share/nvim/runtime/lua/vim/lsp/log.lua
[10:50:20.299][info] [#0:script/workspace/loading.lua:100]: Preload file at: file:///usr/share/nvim/runtime/lua/vim/lsp/inlay_hint.lua , size = 11.941 KB
[10:50:20.306][info] [#0:script/workspace/loading.lua:112]: ++++As library of:	file:///usr/share/nvim/runtime/lua
[10:50:20.306][info] [#0:script/workspace/loading.lua:97]: Skip loaded file: file:///usr/share/nvim/runtime/lua/vim/lsp/inlay_hint.lua
[10:50:20.306][info] [#0:script/workspace/loading.lua:100]: Preload file at: file:///usr/share/nvim/runtime/lua/vim/lsp/handlers.lua , size = 24.316 KB
[10:50:20.317][info] [#0:script/workspace/loading.lua:112]: ++++As library of:	file:///usr/share/nvim/runtime/lua
[10:50:20.317][info] [#0:script/workspace/loading.lua:97]: Skip loaded file: file:///usr/share/nvim/runtime/lua/vim/lsp/handlers.lua
[10:50:20.317][info] [#0:script/workspace/loading.lua:100]: Preload file at: file:///usr/share/nvim/runtime/lua/vim/lsp/diagnostic.lua , size = 11.849 KB
[10:50:20.330][info] [#0:script/workspace/loading.lua:112]: ++++As library of:	file:///usr/share/nvim/runtime/lua
[10:50:20.330][info] [#0:script/workspace/loading.lua:97]: Skip loaded file: file:///usr/share/nvim/runtime/lua/vim/lsp/diagnostic.lua
[10:50:20.330][info] [#0:script/workspace/loading.lua:100]: Preload file at: file:///usr/share/nvim/runtime/lua/vim/lsp/codelens.lua , size = 9.245 KB
[10:50:20.336][info] [#0:script/workspace/loading.lua:112]: ++++As library of:	file:///usr/share/nvim/runtime/lua
[10:50:20.336][info] [#0:script/workspace/loading.lua:97]: Skip loaded file: file:///usr/share/nvim/runtime/lua/vim/lsp/codelens.lua
[10:50:20.336][info] [#0:script/workspace/loading.lua:100]: Preload file at: file:///usr/share/nvim/runtime/lua/vim/lsp/buf.lua , size = 43.300 KB
[10:50:20.351][info] [#0:script/workspace/loading.lua:112]: ++++As library of:	file:///usr/share/nvim/runtime/lua
[10:50:20.351][info] [#0:script/workspace/loading.lua:97]: Skip loaded file: file:///usr/share/nvim/runtime/lua/vim/lsp/buf.lua
[10:50:20.351][info] [#0:script/workspace/loading.lua:100]: Preload file at: file:///usr/share/nvim/runtime/lua/vim/lsp/_watchfiles.lua , size = 6.813 KB
[10:50:20.353][info] [#0:script/workspace/loading.lua:112]: ++++As library of:	file:///usr/share/nvim/runtime/lua
[10:50:20.353][info] [#0:script/workspace/loading.lua:97]: Skip loaded file: file:///usr/share/nvim/runtime/lua/vim/lsp/_watchfiles.lua
[10:50:20.353][info] [#0:script/workspace/loading.lua:100]: Preload file at: file:///usr/share/nvim/runtime/lua/vim/lsp/_transport.lua , size = 5.152 KB
[10:50:20.356][info] [#0:script/workspace/loading.lua:112]: ++++As library of:	file:///usr/share/nvim/runtime/lua
[10:50:20.356][info] [#0:script/workspace/loading.lua:97]: Skip loaded file: file:///usr/share/nvim/runtime/lua/vim/lsp/_transport.lua
[10:50:20.356][info] [#0:script/workspace/loading.lua:100]: Preload file at: file:///usr/share/nvim/runtime/lua/vim/lsp/_tagfunc.lua , size = 3.236 KB
[10:50:20.358][info] [#0:script/workspace/loading.lua:112]: ++++As library of:	file:///usr/share/nvim/runtime/lua
[10:50:20.358][info] [#0:script/workspace/loading.lua:97]: Skip loaded file: file:///usr/share/nvim/runtime/lua/vim/lsp/_tagfunc.lua
[10:50:20.358][info] [#0:script/workspace/loading.lua:100]: Preload file at: file:///usr/share/nvim/runtime/lua/vim/lsp/_snippet_grammar.lua , size = 6.228 KB
[10:50:20.361][info] [#0:script/workspace/loading.lua:112]: ++++As library of:	file:///usr/share/nvim/runtime/lua
[10:50:20.361][info] [#0:script/workspace/loading.lua:97]: Skip loaded file: file:///usr/share/nvim/runtime/lua/vim/lsp/_snippet_grammar.lua
[10:50:20.361][info] [#0:script/workspace/loading.lua:100]: Preload file at: file:///usr/share/nvim/runtime/lua/vim/lsp/_meta/protocol.lua , size = 188.964 KB
[10:50:20.403][info] [#0:script/workspace/loading.lua:112]: ++++As library of:	file:///usr/share/nvim/runtime/lua
[10:50:20.403][info] [#0:script/workspace/loading.lua:97]: Skip loaded file: file:///usr/share/nvim/runtime/lua/vim/lsp/_meta/protocol.lua
[10:50:20.403][info] [#0:script/workspace/loading.lua:100]: Preload file at: file:///usr/share/nvim/runtime/lua/vim/lsp/_meta.lua , size = 0.585 KB
[10:50:20.404][info] [#0:script/workspace/loading.lua:112]: ++++As library of:	file:///usr/share/nvim/runtime/lua
[10:50:20.404][info] [#0:script/workspace/loading.lua:97]: Skip loaded file: file:///usr/share/nvim/runtime/lua/vim/lsp/_meta.lua
[10:50:20.404][info] [#0:script/workspace/loading.lua:100]: Preload file at: file:///usr/share/nvim/runtime/lua/vim/lsp/_folding_range.lua , size = 11.456 KB
[10:50:20.409][info] [#0:script/workspace/loading.lua:112]: ++++As library of:	file:///usr/share/nvim/runtime/lua
[10:50:20.409][info] [#0:script/workspace/loading.lua:97]: Skip loaded file: file:///usr/share/nvim/runtime/lua/vim/lsp/_folding_range.lua
[10:50:20.409][info] [#0:script/workspace/loading.lua:100]: Preload file at: file:///usr/share/nvim/runtime/lua/vim/lsp/_changetracking.lua , size = 11.493 KB
[10:50:20.413][info] [#0:script/workspace/loading.lua:112]: ++++As library of:	file:///usr/share/nvim/runtime/lua
[10:50:20.413][info] [#0:script/workspace/loading.lua:97]: Skip loaded file: file:///usr/share/nvim/runtime/lua/vim/lsp/_changetracking.lua
[10:50:20.413][info] [#0:script/workspace/loading.lua:100]: Preload file at: file:///usr/share/nvim/runtime/lua/vim/lsp/health.lua , size = 7.723 KB
[10:50:20.417][info] [#0:script/workspace/loading.lua:112]: ++++As library of:	file:///usr/share/nvim/runtime/lua
[10:50:20.417][info] [#0:script/workspace/loading.lua:97]: Skip loaded file: file:///usr/share/nvim/runtime/lua/vim/lsp/health.lua
[10:50:20.417][info] [#0:script/workspace/loading.lua:100]: Preload file at: file:///usr/share/nvim/runtime/lua/vim/lsp/completion.lua , size = 27.265 KB
[10:50:20.428][info] [#0:script/workspace/loading.lua:112]: ++++As library of:	file:///usr/share/nvim/runtime/lua
[10:50:20.428][info] [#0:script/workspace/loading.lua:97]: Skip loaded file: file:///usr/share/nvim/runtime/lua/vim/lsp/completion.lua
[10:50:20.428][info] [#0:script/workspace/loading.lua:100]: Preload file at: file:///usr/share/nvim/runtime/lua/vim/lsp/client.lua , size = 41.074 KB
[10:50:20.443][info] [#0:script/workspace/loading.lua:112]: ++++As library of:	file:///usr/share/nvim/runtime/lua
[10:50:20.443][info] [#0:script/workspace/loading.lua:97]: Skip loaded file: file:///usr/share/nvim/runtime/lua/vim/lsp/client.lua
[10:50:20.443][info] [#0:script/workspace/loading.lua:100]: Preload file at: file:///usr/share/nvim/runtime/lua/vim/keymap.lua , size = 3.683 KB
[10:50:20.445][info] [#0:script/workspace/loading.lua:112]: ++++As library of:	file:///usr/share/nvim/runtime/lua
[10:50:20.445][info] [#0:script/workspace/loading.lua:97]: Skip loaded file: file:///usr/share/nvim/runtime/lua/vim/keymap.lua
[10:50:20.445][info] [#0:script/workspace/loading.lua:100]: Preload file at: file:///usr/share/nvim/runtime/lua/vim/iter.lua , size = 25.930 KB
[10:50:20.456][info] [#0:script/workspace/loading.lua:112]: ++++As library of:	file:///usr/share/nvim/runtime/lua
[10:50:20.456][info] [#0:script/workspace/loading.lua:97]: Skip loaded file: file:///usr/share/nvim/runtime/lua/vim/iter.lua
[10:50:20.456][info] [#0:script/workspace/loading.lua:100]: Preload file at: file:///usr/share/nvim/runtime/lua/vim/inspect.lua , size = 8.899 KB
[10:50:20.460][info] [#0:script/workspace/loading.lua:112]: ++++As library of:	file:///usr/share/nvim/runtime/lua
[10:50:20.460][info] [#0:script/workspace/loading.lua:97]: Skip loaded file: file:///usr/share/nvim/runtime/lua/vim/inspect.lua
[10:50:20.460][info] [#0:script/workspace/loading.lua:100]: Preload file at: file:///usr/share/nvim/runtime/lua/vim/hl.lua , size = 6.054 KB
[10:50:20.463][info] [#0:script/workspace/loading.lua:112]: ++++As library of:	file:///usr/share/nvim/runtime/lua
[10:50:20.463][info] [#0:script/workspace/loading.lua:97]: Skip loaded file: file:///usr/share/nvim/runtime/lua/vim/hl.lua
[10:50:20.463][info] [#0:script/workspace/loading.lua:100]: Preload file at: file:///usr/share/nvim/runtime/lua/vim/health/health.lua , size = 12.914 KB
[10:50:20.468][info] [#0:script/workspace/loading.lua:112]: ++++As library of:	file:///usr/share/nvim/runtime/lua
[10:50:20.468][info] [#0:script/workspace/loading.lua:97]: Skip loaded file: file:///usr/share/nvim/runtime/lua/vim/health/health.lua
[10:50:20.468][info] [#0:script/workspace/loading.lua:100]: Preload file at: file:///usr/share/nvim/runtime/lua/vim/health.lua , size = 15.774 KB
[10:50:20.476][info] [#0:script/workspace/loading.lua:112]: ++++As library of:	file:///usr/share/nvim/runtime/lua
[10:50:20.477][info] [#0:script/workspace/loading.lua:97]: Skip loaded file: file:///usr/share/nvim/runtime/lua/vim/health.lua
[10:50:20.477][info] [#0:script/workspace/loading.lua:100]: Preload file at: file:///usr/share/nvim/runtime/lua/vim/glob.lua , size = 3.312 KB
[10:50:20.479][info] [#0:script/workspace/loading.lua:112]: ++++As library of:	file:///usr/share/nvim/runtime/lua
[10:50:20.479][info] [#0:script/workspace/loading.lua:97]: Skip loaded file: file:///usr/share/nvim/runtime/lua/vim/glob.lua
[10:50:20.479][info] [#0:script/workspace/loading.lua:100]: Preload file at: file:///usr/share/nvim/runtime/lua/vim/func/_memoize.lua , size = 1.979 KB
[10:50:20.481][info] [#0:script/workspace/loading.lua:112]: ++++As library of:	file:///usr/share/nvim/runtime/lua
[10:50:20.481][info] [#0:script/workspace/loading.lua:97]: Skip loaded file: file:///usr/share/nvim/runtime/lua/vim/func/_memoize.lua
[10:50:20.481][info] [#0:script/workspace/loading.lua:100]: Preload file at: file:///usr/share/nvim/runtime/lua/vim/func.lua , size = 1.950 KB
[10:50:20.482][info] [#0:script/workspace/loading.lua:112]: ++++As library of:	file:///usr/share/nvim/runtime/lua
[10:50:20.482][info] [#0:script/workspace/loading.lua:97]: Skip loaded file: file:///usr/share/nvim/runtime/lua/vim/func.lua
[10:50:20.482][info] [#0:script/workspace/loading.lua:100]: Preload file at: file:///usr/share/nvim/runtime/lua/vim/filetype/options.lua , size = 2.559 KB
[10:50:20.483][info] [#0:script/workspace/loading.lua:112]: ++++As library of:	file:///usr/share/nvim/runtime/lua
[10:50:20.483][info] [#0:script/workspace/loading.lua:97]: Skip loaded file: file:///usr/share/nvim/runtime/lua/vim/filetype/options.lua
[10:50:20.484][info] [#0:script/workspace/loading.lua:100]: Preload file at: file:///usr/share/nvim/runtime/lua/vim/filetype/detect.lua , size = 61.322 KB
[10:50:20.513][info] [#0:script/workspace/loading.lua:112]: ++++As library of:	file:///usr/share/nvim/runtime/lua
[10:50:20.513][info] [#0:script/workspace/loading.lua:97]: Skip loaded file: file:///usr/share/nvim/runtime/lua/vim/filetype/detect.lua
[10:50:20.513][info] [#0:script/workspace/loading.lua:100]: Preload file at: file:///usr/share/nvim/runtime/lua/vim/filetype.lua , size = 78.989 KB
[10:50:20.544][info] [#0:script/workspace/loading.lua:112]: ++++As library of:	file:///usr/share/nvim/runtime/lua
[10:50:20.544][info] [#0:script/workspace/loading.lua:97]: Skip loaded file: file:///usr/share/nvim/runtime/lua/vim/filetype.lua
[10:50:20.544][info] [#0:script/workspace/loading.lua:100]: Preload file at: file:///usr/share/nvim/runtime/lua/vim/deprecated/health.lua , size = 1.260 KB
[10:50:20.546][info] [#0:script/workspace/loading.lua:112]: ++++As library of:	file:///usr/share/nvim/runtime/lua
[10:50:20.546][info] [#0:script/workspace/loading.lua:97]: Skip loaded file: file:///usr/share/nvim/runtime/lua/vim/deprecated/health.lua
[10:50:20.546][info] [#0:script/workspace/loading.lua:100]: Preload file at: file:///usr/share/nvim/runtime/lua/vim/_watch.lua , size = 9.736 KB
[10:50:20.551][info] [#0:script/workspace/loading.lua:112]: ++++As library of:	file:///usr/share/nvim/runtime/lua
[10:50:20.551][info] [#0:script/workspace/loading.lua:97]: Skip loaded file: file:///usr/share/nvim/runtime/lua/vim/_watch.lua
[10:50:20.551][info] [#0:script/workspace/loading.lua:100]: Preload file at: file:///usr/share/nvim/runtime/lua/vim/_system.lua , size = 9.857 KB
[10:50:20.559][info] [#0:script/workspace/loading.lua:112]: ++++As library of:	file:///usr/share/nvim/runtime/lua
[10:50:20.559][info] [#0:script/workspace/loading.lua:97]: Skip loaded file: file:///usr/share/nvim/runtime/lua/vim/_system.lua
[10:50:20.559][info] [#0:script/workspace/loading.lua:100]: Preload file at: file:///usr/share/nvim/runtime/lua/vim/_options.lua , size = 25.508 KB
[10:50:20.570][info] [#0:script/workspace/loading.lua:112]: ++++As library of:	file:///usr/share/nvim/runtime/lua
[10:50:20.570][info] [#0:script/workspace/loading.lua:97]: Skip loaded file: file:///usr/share/nvim/runtime/lua/vim/_options.lua
[10:50:20.570][info] [#0:script/workspace/loading.lua:100]: Preload file at: file:///usr/share/nvim/runtime/lua/vim/_meta/vvars_extra.lua , size = 4.056 KB
[10:50:20.572][info] [#0:script/workspace/loading.lua:112]: ++++As library of:	file:///usr/share/nvim/runtime/lua
[10:50:20.572][info] [#0:script/workspace/loading.lua:97]: Skip loaded file: file:///usr/share/nvim/runtime/lua/vim/_meta/vvars_extra.lua
[10:50:20.572][info] [#0:script/workspace/loading.lua:100]: Preload file at: file:///usr/share/nvim/runtime/lua/vim/_meta/vvars.lua , size = 26.214 KB
[10:50:20.579][info] [#0:script/workspace/loading.lua:112]: ++++As library of:	file:///usr/share/nvim/runtime/lua
[10:50:20.579][info] [#0:script/workspace/loading.lua:97]: Skip loaded file: file:///usr/share/nvim/runtime/lua/vim/_meta/vvars.lua
[10:50:20.580][info] [#0:script/workspace/loading.lua:100]: Preload file at: file:///usr/share/nvim/runtime/lua/vim/_meta/spell.lua , size = 0.929 KB
[10:50:20.580][info] [#0:script/workspace/loading.lua:112]: ++++As library of:	file:///usr/share/nvim/runtime/lua
[10:50:20.580][info] [#0:script/workspace/loading.lua:97]: Skip loaded file: file:///usr/share/nvim/runtime/lua/vim/_meta/spell.lua
[10:50:20.580][info] [#0:script/workspace/loading.lua:100]: Preload file at: file:///usr/share/nvim/runtime/lua/vim/_meta/regex.lua , size = 1.580 KB
[10:50:20.581][info] [#0:script/workspace/loading.lua:112]: ++++As library of:	file:///usr/share/nvim/runtime/lua
[10:50:20.581][info] [#0:script/workspace/loading.lua:88]: Skip loaded file: file:///usr/share/nvim/runtime/lua/vim/_meta/regex.lua
[10:50:20.581][info] [#0:script/workspace/loading.lua:112]: ++++As library of:	file:///usr/share/nvim/runtime/lua
[10:50:20.581][info] [#0:script/workspace/loading.lua:100]: Preload file at: file:///usr/share/nvim/runtime/lua/vim/_meta/re.lua , size = 2.217 KB
[10:50:20.583][info] [#0:script/workspace/loading.lua:112]: ++++As library of:	file:///usr/share/nvim/runtime/lua
[10:50:20.583][info] [#0:script/workspace/loading.lua:97]: Skip loaded file: file:///usr/share/nvim/runtime/lua/vim/_meta/re.lua
[10:50:20.583][info] [#0:script/workspace/loading.lua:100]: Preload file at: file:///usr/share/nvim/runtime/lua/vim/_meta/mpack.lua , size = 0.478 KB
[10:50:20.584][info] [#0:script/workspace/loading.lua:112]: ++++As library of:	file:///usr/share/nvim/runtime/lua
[10:50:20.584][info] [#0:script/workspace/loading.lua:97]: Skip loaded file: file:///usr/share/nvim/runtime/lua/vim/_meta/mpack.lua
[10:50:20.584][info] [#0:script/workspace/loading.lua:100]: Preload file at: file:///usr/share/nvim/runtime/lua/vim/_meta/misc.lua , size = 0.291 KB
[10:50:20.584][info] [#0:script/workspace/loading.lua:112]: ++++As library of:	file:///usr/share/nvim/runtime/lua
[10:50:20.584][info] [#0:script/workspace/loading.lua:88]: Skip loaded file: file:///usr/share/nvim/runtime/lua/vim/_meta/misc.lua
[10:50:20.584][info] [#0:script/workspace/loading.lua:112]: ++++As library of:	file:///usr/share/nvim/runtime/lua
[10:50:20.585][info] [#0:script/workspace/loading.lua:100]: Preload file at: file:///usr/share/nvim/runtime/lua/vim/_meta/lpeg.lua , size = 15.348 KB
[10:50:20.611][info] [#0:script/workspace/loading.lua:112]: ++++As library of:	file:///usr/share/nvim/runtime/lua
[10:50:20.611][info] [#0:script/workspace/loading.lua:97]: Skip loaded file: file:///usr/share/nvim/runtime/lua/vim/_meta/lpeg.lua
[10:50:20.611][info] [#0:script/workspace/loading.lua:100]: Preload file at: file:///usr/share/nvim/runtime/lua/vim/_meta/json.lua , size = 1.537 KB
[10:50:20.612][info] [#0:script/workspace/loading.lua:112]: ++++As library of:	file:///usr/share/nvim/runtime/lua
[10:50:20.612][info] [#0:script/workspace/loading.lua:97]: Skip loaded file: file:///usr/share/nvim/runtime/lua/vim/_meta/json.lua
[10:50:20.612][info] [#0:script/workspace/loading.lua:100]: Preload file at: file:///usr/share/nvim/runtime/lua/vim/_meta/diff.lua , size = 2.493 KB
[10:50:20.613][info] [#0:script/workspace/loading.lua:112]: ++++As library of:	file:///usr/share/nvim/runtime/lua
[10:50:20.613][info] [#0:script/workspace/loading.lua:97]: Skip loaded file: file:///usr/share/nvim/runtime/lua/vim/_meta/diff.lua
[10:50:20.613][info] [#0:script/workspace/loading.lua:100]: Preload file at: file:///usr/share/nvim/runtime/lua/vim/_meta/base64.lua , size = 0.307 KB
[10:50:20.613][info] [#0:script/workspace/loading.lua:112]: ++++As library of:	file:///usr/share/nvim/runtime/lua
[10:50:20.613][info] [#0:script/workspace/loading.lua:97]: Skip loaded file: file:///usr/share/nvim/runtime/lua/vim/_meta/base64.lua
[10:50:20.614][info] [#0:script/workspace/loading.lua:100]: Preload file at: file:///usr/share/nvim/runtime/lua/vim/_meta/api_keysets_extra.lua , size = 6.957 KB
[10:50:20.618][info] [#0:script/workspace/loading.lua:112]: ++++As library of:	file:///usr/share/nvim/runtime/lua
[10:50:20.618][info] [#0:script/workspace/loading.lua:97]: Skip loaded file: file:///usr/share/nvim/runtime/lua/vim/_meta/api_keysets_extra.lua
[10:50:20.618][info] [#0:script/workspace/loading.lua:100]: Preload file at: file:///usr/share/nvim/runtime/lua/vim/_meta/api_keysets.lua , size = 9.958 KB
[10:50:20.624][info] [#0:script/workspace/loading.lua:112]: ++++As library of:	file:///usr/share/nvim/runtime/lua
[10:50:20.624][info] [#0:script/workspace/loading.lua:97]: Skip loaded file: file:///usr/share/nvim/runtime/lua/vim/_meta/api_keysets.lua
[10:50:20.624][info] [#0:script/workspace/loading.lua:100]: Preload file at: file:///usr/share/nvim/runtime/lua/vim/_meta/vimfn.lua , size = 409.018 KB
[10:50:20.721][info] [#0:script/workspace/loading.lua:112]: ++++As library of:	file:///usr/share/nvim/runtime/lua
[10:50:20.721][info] [#0:script/workspace/loading.lua:97]: Skip loaded file: file:///usr/share/nvim/runtime/lua/vim/_meta/vimfn.lua
[10:50:20.723][info] [#0:script/workspace/loading.lua:100]: Preload file at: file:///usr/share/nvim/runtime/lua/vim/_meta/options.lua , size = 325.215 KB
[10:50:20.800][info] [#0:script/workspace/loading.lua:112]: ++++As library of:	file:///usr/share/nvim/runtime/lua
[10:50:20.800][info] [#0:script/workspace/loading.lua:97]: Skip loaded file: file:///usr/share/nvim/runtime/lua/vim/_meta/options.lua
[10:50:20.800][info] [#0:script/workspace/loading.lua:100]: Preload file at: file:///usr/share/nvim/runtime/lua/vim/_meta/builtin_types.lua , size = 8.311 KB
[10:50:20.804][info] [#0:script/workspace/loading.lua:112]: ++++As library of:	file:///usr/share/nvim/runtime/lua
[10:50:20.804][info] [#0:script/workspace/loading.lua:97]: Skip loaded file: file:///usr/share/nvim/runtime/lua/vim/_meta/builtin_types.lua
[10:50:20.804][info] [#0:script/workspace/loading.lua:100]: Preload file at: file:///usr/share/nvim/runtime/lua/vim/_meta/builtin.lua , size = 10.448 KB
[10:50:20.812][info] [#0:script/workspace/loading.lua:112]: ++++As library of:	file:///usr/share/nvim/runtime/lua
[10:50:20.812][info] [#0:script/workspace/loading.lua:97]: Skip loaded file: file:///usr/share/nvim/runtime/lua/vim/_meta/builtin.lua
[10:50:20.813][info] [#0:script/workspace/loading.lua:100]: Preload file at: file:///usr/share/nvim/runtime/lua/vim/_meta/api.lua , size = 106.230 KB
[10:50:20.863][info] [#0:script/workspace/loading.lua:112]: ++++As library of:	file:///usr/share/nvim/runtime/lua
[10:50:20.863][info] [#0:script/workspace/loading.lua:97]: Skip loaded file: file:///usr/share/nvim/runtime/lua/vim/_meta/api.lua
[10:50:20.863][info] [#0:script/workspace/loading.lua:100]: Preload file at: file:///usr/share/nvim/runtime/lua/vim/_meta.lua , size = 1.002 KB
[10:50:20.864][info] [#0:script/workspace/loading.lua:112]: ++++As library of:	file:///usr/share/nvim/runtime/lua
[10:50:20.864][info] [#0:script/workspace/loading.lua:97]: Skip loaded file: file:///usr/share/nvim/runtime/lua/vim/_meta.lua
[10:50:20.864][info] [#0:script/workspace/loading.lua:100]: Preload file at: file:///usr/share/nvim/runtime/lua/vim/_inspector.lua , size = 7.873 KB
[10:50:20.870][info] [#0:script/workspace/loading.lua:112]: ++++As library of:	file:///usr/share/nvim/runtime/lua
[10:50:20.870][info] [#0:script/workspace/loading.lua:97]: Skip loaded file: file:///usr/share/nvim/runtime/lua/vim/_inspector.lua
[10:50:20.870][info] [#0:script/workspace/loading.lua:100]: Preload file at: file:///usr/share/nvim/runtime/lua/vim/_init_packages.lua , size = 3.023 KB
[10:50:20.872][info] [#0:script/workspace/loading.lua:112]: ++++As library of:	file:///usr/share/nvim/runtime/lua
[10:50:20.872][info] [#0:script/workspace/loading.lua:97]: Skip loaded file: file:///usr/share/nvim/runtime/lua/vim/_init_packages.lua
[10:50:20.872][info] [#0:script/workspace/loading.lua:100]: Preload file at: file:///usr/share/nvim/runtime/lua/vim/_ftplugin/lua.lua , size = 0.540 KB
[10:50:20.873][info] [#0:script/workspace/loading.lua:112]: ++++As library of:	file:///usr/share/nvim/runtime/lua
[10:50:20.873][info] [#0:script/workspace/loading.lua:97]: Skip loaded file: file:///usr/share/nvim/runtime/lua/vim/_ftplugin/lua.lua
[10:50:20.873][info] [#0:script/workspace/loading.lua:100]: Preload file at: file:///usr/share/nvim/runtime/lua/vim/_defaults.lua , size = 32.541 KB
[10:50:20.888][info] [#0:script/workspace/loading.lua:112]: ++++As library of:	file:///usr/share/nvim/runtime/lua
[10:50:20.888][info] [#0:script/workspace/loading.lua:97]: Skip loaded file: file:///usr/share/nvim/runtime/lua/vim/_defaults.lua
[10:50:20.888][info] [#0:script/workspace/loading.lua:100]: Preload file at: file:///usr/share/nvim/runtime/lua/vim/_comment.lua , size = 8.967 KB
[10:50:20.893][info] [#0:script/workspace/loading.lua:112]: ++++As library of:	file:///usr/share/nvim/runtime/lua
[10:50:20.893][info] [#0:script/workspace/loading.lua:97]: Skip loaded file: file:///usr/share/nvim/runtime/lua/vim/_comment.lua
[10:50:20.893][info] [#0:script/workspace/loading.lua:100]: Preload file at: file:///usr/share/nvim/runtime/lua/vim/_buf.lua , size = 0.764 KB
[10:50:20.894][info] [#0:script/workspace/loading.lua:112]: ++++As library of:	file:///usr/share/nvim/runtime/lua
[10:50:20.894][info] [#0:script/workspace/loading.lua:97]: Skip loaded file: file:///usr/share/nvim/runtime/lua/vim/_buf.lua
[10:50:20.894][info] [#0:script/workspace/loading.lua:100]: Preload file at: file:///usr/share/nvim/runtime/lua/vim/F.lua , size = 1.076 KB
[10:50:20.895][info] [#0:script/workspace/loading.lua:112]: ++++As library of:	file:///usr/share/nvim/runtime/lua
[10:50:20.895][info] [#0:script/workspace/loading.lua:97]: Skip loaded file: file:///usr/share/nvim/runtime/lua/vim/F.lua
[10:50:20.895][info] [#0:script/workspace/loading.lua:100]: Preload file at: file:///usr/share/nvim/runtime/lua/vim/ui.lua , size = 7.555 KB
[10:50:20.899][info] [#0:script/workspace/loading.lua:112]: ++++As library of:	file:///usr/share/nvim/runtime/lua
[10:50:20.899][info] [#0:script/workspace/loading.lua:97]: Skip loaded file: file:///usr/share/nvim/runtime/lua/vim/ui.lua
[10:50:20.899][info] [#0:script/workspace/loading.lua:100]: Preload file at: file:///usr/share/nvim/runtime/lua/vim/shared.lua , size = 40.579 KB
[10:50:20.921][info] [#0:script/workspace/loading.lua:112]: ++++As library of:	file:///usr/share/nvim/runtime/lua
[10:50:20.921][info] [#0:script/workspace/loading.lua:97]: Skip loaded file: file:///usr/share/nvim/runtime/lua/vim/shared.lua
[10:50:20.921][info] [#0:script/workspace/loading.lua:100]: Preload file at: file:///usr/share/nvim/runtime/lua/vim/secure.lua , size = 6.485 KB
[10:50:20.924][info] [#0:script/workspace/loading.lua:112]: ++++As library of:	file:///usr/share/nvim/runtime/lua
[10:50:20.924][info] [#0:script/workspace/loading.lua:97]: Skip loaded file: file:///usr/share/nvim/runtime/lua/vim/secure.lua
[10:50:20.925][info] [#0:script/workspace/loading.lua:100]: Preload file at: file:///usr/share/nvim/runtime/lua/vim/lsp.lua , size = 52.618 KB
[10:50:20.948][info] [#0:script/workspace/loading.lua:112]: ++++As library of:	file:///usr/share/nvim/runtime/lua
[10:50:20.948][info] [#0:script/workspace/loading.lua:97]: Skip loaded file: file:///usr/share/nvim/runtime/lua/vim/lsp.lua
[10:50:20.948][info] [#0:script/workspace/loading.lua:100]: Preload file at: file:///usr/share/nvim/runtime/lua/vim/loader.lua , size = 14.857 KB
[10:50:20.957][info] [#0:script/workspace/loading.lua:112]: ++++As library of:	file:///usr/share/nvim/runtime/lua
[10:50:20.957][info] [#0:script/workspace/loading.lua:97]: Skip loaded file: file:///usr/share/nvim/runtime/lua/vim/loader.lua
[10:50:20.957][info] [#0:script/workspace/loading.lua:100]: Preload file at: file:///usr/share/nvim/runtime/lua/vim/fs.lua , size = 24.639 KB
[10:50:20.968][info] [#0:script/workspace/loading.lua:112]: ++++As library of:	file:///usr/share/nvim/runtime/lua
[10:50:20.968][info] [#0:script/workspace/loading.lua:97]: Skip loaded file: file:///usr/share/nvim/runtime/lua/vim/fs.lua
[10:50:20.968][info] [#0:script/workspace/loading.lua:100]: Preload file at: file:///usr/share/nvim/runtime/lua/vim/diagnostic.lua , size = 85.168 KB
[10:50:21.010][info] [#0:script/workspace/loading.lua:112]: ++++As library of:	file:///usr/share/nvim/runtime/lua
[10:50:21.010][info] [#0:script/workspace/loading.lua:97]: Skip loaded file: file:///usr/share/nvim/runtime/lua/vim/diagnostic.lua
[10:50:21.010][info] [#0:script/workspace/loading.lua:100]: Preload file at: file:///usr/share/nvim/runtime/lua/vim/_editor.lua , size = 44.792 KB
[10:50:21.032][info] [#0:script/workspace/loading.lua:112]: ++++As library of:	file:///usr/share/nvim/runtime/lua
[10:50:21.032][info] [#0:script/workspace/loading.lua:97]: Skip loaded file: file:///usr/share/nvim/runtime/lua/vim/_editor.lua
[10:50:21.032][info] [#0:script/workspace/loading.lua:100]: Preload file at: file:///usr/share/nvim/runtime/lua/tohtml.lua , size = 43.272 KB
[10:50:21.060][info] [#0:script/workspace/loading.lua:112]: ++++As library of:	file:///usr/share/nvim/runtime/lua
[10:50:21.060][info] [#0:script/workspace/loading.lua:97]: Skip loaded file: file:///usr/share/nvim/runtime/lua/tohtml.lua
[10:50:21.060][info] [#0:script/workspace/loading.lua:100]: Preload file at: file:///usr/share/nvim/runtime/lua/nvim/tutor.lua , size = 2.627 KB
[10:50:21.062][info] [#0:script/workspace/loading.lua:112]: ++++As library of:	file:///usr/share/nvim/runtime/lua
[10:50:21.062][info] [#0:script/workspace/loading.lua:97]: Skip loaded file: file:///usr/share/nvim/runtime/lua/nvim/tutor.lua
[10:50:21.062][info] [#0:script/workspace/loading.lua:100]: Preload file at: file:///usr/share/nvim/runtime/lua/editorconfig.lua , size = 11.232 KB
[10:50:21.071][info] [#0:script/workspace/loading.lua:112]: ++++As library of:	file:///usr/share/nvim/runtime/lua
[10:50:21.072][info] [#0:script/workspace/loading.lua:97]: Skip loaded file: file:///usr/share/nvim/runtime/lua/editorconfig.lua
[10:50:21.072][info] [#0:script/workspace/loading.lua:100]: Preload file at: file:///usr/share/nvim/runtime/lua/coxpcall.lua , size = 3.672 KB
[10:50:21.078][info] [#0:script/workspace/loading.lua:112]: ++++As library of:	file:///usr/share/nvim/runtime/lua
[10:50:21.078][info] [#0:script/workspace/loading.lua:97]: Skip loaded file: file:///usr/share/nvim/runtime/lua/coxpcall.lua
[10:50:21.078][info] [#0:script/workspace/loading.lua:100]: Preload file at: file:///usr/share/nvim/runtime/lua/_vim9script.lua , size = 15.423 KB
[10:50:21.100][info] [#0:script/workspace/loading.lua:112]: ++++As library of:	file:///usr/share/nvim/runtime/lua
[10:50:21.101][info] [#0:script/workspace/loading.lua:97]: Skip loaded file: file:///usr/share/nvim/runtime/lua/_vim9script.lua
[10:50:21.101][info] [#0:script/workspace/loading.lua:100]: Preload file at: file:///usr/share/nvim/runtime/lua/man.lua , size = 23.366 KB
[10:50:21.125][info] [#0:script/workspace/loading.lua:112]: ++++As library of:	file:///usr/share/nvim/runtime/lua
[10:50:21.125][info] [#0:script/workspace/loading.lua:97]: Skip loaded file: file:///usr/share/nvim/runtime/lua/man.lua
[10:50:21.125][info] [#0:script/workspace/loading.lua:100]: Preload file at: file:///home/eleazar/.local/share/nvim/mason/packages/lua-language-server/libexec/meta/LuaJIT%20en-us%20utf8/os.lua , size = 5.611 KB
[10:50:21.128][info] [#0:script/workspace/loading.lua:112]: ++++As library of:	file:///home/eleazar/.local/share/nvim/mason/packages/lua-language-server/libexec/meta/LuaJIT%20en-us%20utf8/os.lua
[10:50:21.128][info] [#0:script/workspace/loading.lua:97]: Skip loaded file: file:///home/eleazar/.local/share/nvim/mason/packages/lua-language-server/libexec/meta/LuaJIT%20en-us%20utf8/os.lua
[10:50:21.128][info] [#0:script/workspace/loading.lua:100]: Preload file at: file:///home/eleazar/.local/share/nvim/mason/packages/lua-language-server/libexec/meta/LuaJIT%20en-us%20utf8/package.lua , size = 2.699 KB
[10:50:21.129][info] [#0:script/workspace/loading.lua:112]: ++++As library of:	file:///home/eleazar/.local/share/nvim/mason/packages/lua-language-server/libexec/meta/LuaJIT%20en-us%20utf8/package.lua
[10:50:21.129][info] [#0:script/workspace/loading.lua:97]: Skip loaded file: file:///home/eleazar/.local/share/nvim/mason/packages/lua-language-server/libexec/meta/LuaJIT%20en-us%20utf8/package.lua
[10:50:21.129][info] [#0:script/workspace/loading.lua:100]: Preload file at: file:///home/eleazar/.local/share/nvim/mason/packages/lua-language-server/libexec/meta/LuaJIT%20en-us%20utf8/builtin.lua , size = 0.302 KB
[10:50:21.130][info] [#0:script/workspace/loading.lua:112]: ++++As library of:	file:///home/eleazar/.local/share/nvim/mason/packages/lua-language-server/libexec/meta/LuaJIT%20en-us%20utf8/builtin.lua
[10:50:21.130][info] [#0:script/workspace/loading.lua:97]: Skip loaded file: file:///home/eleazar/.local/share/nvim/mason/packages/lua-language-server/libexec/meta/LuaJIT%20en-us%20utf8/builtin.lua
[10:50:21.130][info] [#0:script/workspace/loading.lua:100]: Preload file at: file:///home/eleazar/.local/share/nvim/mason/packages/lua-language-server/libexec/meta/LuaJIT%20en-us%20utf8/debug.lua , size = 7.310 KB
[10:50:21.133][info] [#0:script/workspace/loading.lua:112]: ++++As library of:	file:///home/eleazar/.local/share/nvim/mason/packages/lua-language-server/libexec/meta/LuaJIT%20en-us%20utf8/debug.lua
[10:50:21.133][info] [#0:script/workspace/loading.lua:97]: Skip loaded file: file:///home/eleazar/.local/share/nvim/mason/packages/lua-language-server/libexec/meta/LuaJIT%20en-us%20utf8/debug.lua
[10:50:21.133][info] [#0:script/workspace/loading.lua:100]: Preload file at: file:///home/eleazar/.local/share/nvim/mason/packages/lua-language-server/libexec/meta/LuaJIT%20en-us%20utf8/basic.lua , size = 16.126 KB
[10:50:21.139][info] [#0:script/workspace/loading.lua:112]: ++++As library of:	file:///home/eleazar/.local/share/nvim/mason/packages/lua-language-server/libexec/meta/LuaJIT%20en-us%20utf8/basic.lua
[10:50:21.139][info] [#0:script/workspace/loading.lua:97]: Skip loaded file: file:///home/eleazar/.local/share/nvim/mason/packages/lua-language-server/libexec/meta/LuaJIT%20en-us%20utf8/basic.lua
[10:50:21.139][info] [#0:script/workspace/loading.lua:100]: Preload file at: file:///home/eleazar/.local/share/nvim/mason/packages/lua-language-server/libexec/meta/LuaJIT%20en-us%20utf8/string/buffer.lua , size = 18.057 KB
[10:50:21.142][info] [#0:script/workspace/loading.lua:112]: ++++As library of:	file:///home/eleazar/.local/share/nvim/mason/packages/lua-language-server/libexec/meta/LuaJIT%20en-us%20utf8/string/buffer.lua
[10:50:21.142][info] [#0:script/workspace/loading.lua:97]: Skip loaded file: file:///home/eleazar/.local/share/nvim/mason/packages/lua-language-server/libexec/meta/LuaJIT%20en-us%20utf8/string/buffer.lua
[10:50:21.142][info] [#0:script/workspace/loading.lua:100]: Preload file at: file:///home/eleazar/.local/share/nvim/mason/packages/lua-language-server/libexec/meta/LuaJIT%20en-us%20utf8/table/new.lua , size = 0.642 KB
[10:50:21.143][info] [#0:script/workspace/loading.lua:112]: ++++As library of:	file:///home/eleazar/.local/share/nvim/mason/packages/lua-language-server/libexec/meta/LuaJIT%20en-us%20utf8/table/new.lua
[10:50:21.143][info] [#0:script/workspace/loading.lua:97]: Skip loaded file: file:///home/eleazar/.local/share/nvim/mason/packages/lua-language-server/libexec/meta/LuaJIT%20en-us%20utf8/table/new.lua
[10:50:21.143][info] [#0:script/workspace/loading.lua:100]: Preload file at: file:///home/eleazar/.local/share/nvim/mason/packages/lua-language-server/libexec/meta/3rd/luv/library/uv_check_t.lua , size = 0.694 KB
[10:50:21.143][info] [#0:script/workspace/loading.lua:112]: ++++As library of:	file:///home/eleazar/.local/share/nvim/mason/packages/lua-language-server/libexec/meta/3rd/luv/library
[10:50:21.143][info] [#0:script/workspace/loading.lua:97]: Skip loaded file: file:///home/eleazar/.local/share/nvim/mason/packages/lua-language-server/libexec/meta/3rd/luv/library/uv_check_t.lua
[10:50:21.143][info] [#0:script/workspace/loading.lua:100]: Preload file at: file:///home/eleazar/.local/share/nvim/mason/packages/lua-language-server/libexec/meta/3rd/luv/library/uv_timer_t.lua , size = 1.999 KB
[10:50:21.144][info] [#0:script/workspace/loading.lua:112]: ++++As library of:	file:///home/eleazar/.local/share/nvim/mason/packages/lua-language-server/libexec/meta/3rd/luv/library
[10:50:21.144][info] [#0:script/workspace/loading.lua:97]: Skip loaded file: file:///home/eleazar/.local/share/nvim/mason/packages/lua-language-server/libexec/meta/3rd/luv/library/uv_timer_t.lua
[10:50:21.144][info] [#0:script/workspace/loading.lua:100]: Preload file at: file:///home/eleazar/.local/share/nvim/mason/packages/lua-language-server/libexec/meta/3rd/luv/library/uv_process_t.lua , size = 0.617 KB
[10:50:21.145][info] [#0:script/workspace/loading.lua:112]: ++++As library of:	file:///home/eleazar/.local/share/nvim/mason/packages/lua-language-server/libexec/meta/3rd/luv/library
[10:50:21.145][info] [#0:script/workspace/loading.lua:97]: Skip loaded file: file:///home/eleazar/.local/share/nvim/mason/packages/lua-language-server/libexec/meta/3rd/luv/library/uv_process_t.lua
[10:50:21.145][info] [#0:script/workspace/loading.lua:100]: Preload file at: file:///home/eleazar/.local/share/nvim/mason/packages/lua-language-server/libexec/meta/3rd/luv/library/uv_tcp_t.lua , size = 3.923 KB
[10:50:21.146][info] [#0:script/workspace/loading.lua:112]: ++++As library of:	file:///home/eleazar/.local/share/nvim/mason/packages/lua-language-server/libexec/meta/3rd/luv/library
[10:50:21.146][info] [#0:script/workspace/loading.lua:97]: Skip loaded file: file:///home/eleazar/.local/share/nvim/mason/packages/lua-language-server/libexec/meta/3rd/luv/library/uv_tcp_t.lua
[10:50:21.146][info] [#0:script/workspace/loading.lua:100]: Preload file at: file:///home/eleazar/.local/share/nvim/mason/packages/lua-language-server/libexec/meta/3rd/luv/library/uv_tty_t.lua , size = 1.135 KB
[10:50:21.147][info] [#0:script/workspace/loading.lua:112]: ++++As library of:	file:///home/eleazar/.local/share/nvim/mason/packages/lua-language-server/libexec/meta/3rd/luv/library
[10:50:21.147][info] [#0:script/workspace/loading.lua:97]: Skip loaded file: file:///home/eleazar/.local/share/nvim/mason/packages/lua-language-server/libexec/meta/3rd/luv/library/uv_tty_t.lua
[10:50:21.147][info] [#0:script/workspace/loading.lua:100]: Preload file at: file:///home/eleazar/.local/share/nvim/mason/packages/lua-language-server/libexec/meta/3rd/luv/library/luv_dir_t.lua , size = 1.056 KB
[10:50:21.147][info] [#0:script/workspace/loading.lua:112]: ++++As library of:	file:///home/eleazar/.local/share/nvim/mason/packages/lua-language-server/libexec/meta/3rd/luv/library
[10:50:21.147][info] [#0:script/workspace/loading.lua:97]: Skip loaded file: file:///home/eleazar/.local/share/nvim/mason/packages/lua-language-server/libexec/meta/3rd/luv/library/luv_dir_t.lua
[10:50:21.147][info] [#0:script/workspace/loading.lua:100]: Preload file at: file:///home/eleazar/.local/share/nvim/mason/packages/lua-language-server/libexec/meta/3rd/luv/library/types.lua , size = 17.131 KB
[10:50:21.153][info] [#0:script/workspace/loading.lua:112]: ++++As library of:	file:///home/eleazar/.local/share/nvim/mason/packages/lua-language-server/libexec/meta/3rd/luv/library
[10:50:21.153][info] [#0:script/workspace/loading.lua:97]: Skip loaded file: file:///home/eleazar/.local/share/nvim/mason/packages/lua-language-server/libexec/meta/3rd/luv/library/types.lua
[10:50:21.153][info] [#0:script/workspace/loading.lua:100]: Preload file at: file:///home/eleazar/.local/share/nvim/mason/packages/lua-language-server/libexec/meta/3rd/luv/library/uv_signal_t.lua , size = 2.997 KB
[10:50:21.154][info] [#0:script/workspace/loading.lua:112]: ++++As library of:	file:///home/eleazar/.local/share/nvim/mason/packages/lua-language-server/libexec/meta/3rd/luv/library
[10:50:21.154][info] [#0:script/workspace/loading.lua:97]: Skip loaded file: file:///home/eleazar/.local/share/nvim/mason/packages/lua-language-server/libexec/meta/3rd/luv/library/uv_signal_t.lua
[10:50:21.154][info] [#0:script/workspace/loading.lua:100]: Preload file at: file:///home/eleazar/.local/share/nvim/mason/packages/lua-language-server/libexec/meta/3rd/luv/library/uv_stream_t.lua , size = 5.906 KB
[10:50:21.156][info] [#0:script/workspace/loading.lua:112]: ++++As library of:	file:///home/eleazar/.local/share/nvim/mason/packages/lua-language-server/libexec/meta/3rd/luv/library
[10:50:21.156][info] [#0:script/workspace/loading.lua:97]: Skip loaded file: file:///home/eleazar/.local/share/nvim/mason/packages/lua-language-server/libexec/meta/3rd/luv/library/uv_stream_t.lua
[10:50:21.156][info] [#0:script/workspace/loading.lua:100]: Preload file at: file:///home/eleazar/.local/share/nvim/mason/packages/lua-language-server/libexec/meta/3rd/luv/library/uv.lua , size = 98.128 KB
[10:50:21.183][info] [#0:script/workspace/loading.lua:112]: ++++As library of:	file:///home/eleazar/.local/share/nvim/mason/packages/lua-language-server/libexec/meta/3rd/luv/library
[10:50:21.183][info] [#0:script/workspace/loading.lua:97]: Skip loaded file: file:///home/eleazar/.local/share/nvim/mason/packages/lua-language-server/libexec/meta/3rd/luv/library/uv.lua
[10:50:21.183][info] [#0:script/workspace/loading.lua:100]: Preload file at: file:///home/eleazar/.local/share/nvim/mason/packages/lua-language-server/libexec/meta/3rd/luv/library/uv_udp_t.lua , size = 5.970 KB
[10:50:21.185][info] [#0:script/workspace/loading.lua:112]: ++++As library of:	file:///home/eleazar/.local/share/nvim/mason/packages/lua-language-server/libexec/meta/3rd/luv/library
[10:50:21.185][info] [#0:script/workspace/loading.lua:97]: Skip loaded file: file:///home/eleazar/.local/share/nvim/mason/packages/lua-language-server/libexec/meta/3rd/luv/library/uv_udp_t.lua
[10:50:21.185][info] [#0:script/workspace/loading.lua:100]: Preload file at: file:///home/eleazar/.local/share/nvim/mason/packages/lua-language-server/libexec/meta/3rd/luv/library/luv_work_ctx_t.lua , size = 0.530 KB
[10:50:21.186][info] [#0:script/workspace/loading.lua:112]: ++++As library of:	file:///home/eleazar/.local/share/nvim/mason/packages/lua-language-server/libexec/meta/3rd/luv/library
[10:50:21.186][info] [#0:script/workspace/loading.lua:97]: Skip loaded file: file:///home/eleazar/.local/share/nvim/mason/packages/lua-language-server/libexec/meta/3rd/luv/library/luv_work_ctx_t.lua
[10:50:21.186][info] [#0:script/workspace/loading.lua:100]: Preload file at: file:///home/eleazar/.local/share/nvim/mason/packages/lua-language-server/libexec/meta/3rd/luv/library/uv_prepare_t.lua , size = 0.716 KB
[10:50:21.186][info] [#0:script/workspace/loading.lua:112]: ++++As library of:	file:///home/eleazar/.local/share/nvim/mason/packages/lua-language-server/libexec/meta/3rd/luv/library
[10:50:21.186][info] [#0:script/workspace/loading.lua:97]: Skip loaded file: file:///home/eleazar/.local/share/nvim/mason/packages/lua-language-server/libexec/meta/3rd/luv/library/uv_prepare_t.lua
[10:50:21.186][info] [#0:script/workspace/loading.lua:100]: Preload file at: file:///home/eleazar/.local/share/nvim/mason/packages/lua-language-server/libexec/meta/3rd/luv/library/uv_handle_t.lua , size = 5.129 KB
[10:50:21.188][info] [#0:script/workspace/loading.lua:112]: ++++As library of:	file:///home/eleazar/.local/share/nvim/mason/packages/lua-language-server/libexec/meta/3rd/luv/library
[10:50:21.188][info] [#0:script/workspace/loading.lua:97]: Skip loaded file: file:///home/eleazar/.local/share/nvim/mason/packages/lua-language-server/libexec/meta/3rd/luv/library/uv_handle_t.lua
[10:50:21.188][info] [#0:script/workspace/loading.lua:100]: Preload file at: file:///home/eleazar/.local/share/nvim/mason/packages/lua-language-server/libexec/meta/3rd/luv/library/errors.lua , size = 15.165 KB
[10:50:21.191][info] [#0:script/workspace/loading.lua:112]: ++++As library of:	file:///home/eleazar/.local/share/nvim/mason/packages/lua-language-server/libexec/meta/3rd/luv/library
[10:50:21.191][info] [#0:script/workspace/loading.lua:97]: Skip loaded file: file:///home/eleazar/.local/share/nvim/mason/packages/lua-language-server/libexec/meta/3rd/luv/library/errors.lua
[10:50:21.191][info] [#0:script/workspace/loading.lua:100]: Preload file at: file:///home/eleazar/.local/share/nvim/mason/packages/lua-language-server/libexec/meta/3rd/luv/library/uv_poll_t.lua , size = 2.646 KB
[10:50:21.192][info] [#0:script/workspace/loading.lua:112]: ++++As library of:	file:///home/eleazar/.local/share/nvim/mason/packages/lua-language-server/libexec/meta/3rd/luv/library
[10:50:21.192][info] [#0:script/workspace/loading.lua:97]: Skip loaded file: file:///home/eleazar/.local/share/nvim/mason/packages/lua-language-server/libexec/meta/3rd/luv/library/uv_poll_t.lua
[10:50:21.192][info] [#0:script/workspace/loading.lua:100]: Preload file at: file:///home/eleazar/.local/share/nvim/mason/packages/lua-language-server/libexec/meta/3rd/luv/library/luv_thread_t.lua , size = 0.500 KB
[10:50:21.193][info] [#0:script/workspace/loading.lua:112]: ++++As library of:	file:///home/eleazar/.local/share/nvim/mason/packages/lua-language-server/libexec/meta/3rd/luv/library
[10:50:21.193][info] [#0:script/workspace/loading.lua:97]: Skip loaded file: file:///home/eleazar/.local/share/nvim/mason/packages/lua-language-server/libexec/meta/3rd/luv/library/luv_thread_t.lua
[10:50:21.193][info] [#0:script/workspace/loading.lua:100]: Preload file at: file:///home/eleazar/.local/share/nvim/mason/packages/lua-language-server/libexec/meta/3rd/luv/library/uv_fs_event_t.lua , size = 1.033 KB
[10:50:21.193][info] [#0:script/workspace/loading.lua:112]: ++++As library of:	file:///home/eleazar/.local/share/nvim/mason/packages/lua-language-server/libexec/meta/3rd/luv/library
[10:50:21.193][info] [#0:script/workspace/loading.lua:97]: Skip loaded file: file:///home/eleazar/.local/share/nvim/mason/packages/lua-language-server/libexec/meta/3rd/luv/library/uv_fs_event_t.lua
[10:50:21.193][info] [#0:script/workspace/loading.lua:100]: Preload file at: file:///home/eleazar/.local/share/nvim/mason/packages/lua-language-server/libexec/meta/3rd/luv/library/uv_async_t.lua , size = 1.058 KB
[10:50:21.194][info] [#0:script/workspace/loading.lua:112]: ++++As library of:	file:///home/eleazar/.local/share/nvim/mason/packages/lua-language-server/libexec/meta/3rd/luv/library
[10:50:21.194][info] [#0:script/workspace/loading.lua:97]: Skip loaded file: file:///home/eleazar/.local/share/nvim/mason/packages/lua-language-server/libexec/meta/3rd/luv/library/uv_async_t.lua
[10:50:21.194][info] [#0:script/workspace/loading.lua:100]: Preload file at: file:///home/eleazar/.local/share/nvim/mason/packages/lua-language-server/libexec/meta/3rd/luv/library/uv_req_t.lua , size = 0.705 KB
[10:50:21.194][info] [#0:script/workspace/loading.lua:112]: ++++As library of:	file:///home/eleazar/.local/share/nvim/mason/packages/lua-language-server/libexec/meta/3rd/luv/library
[10:50:21.194][info] [#0:script/workspace/loading.lua:97]: Skip loaded file: file:///home/eleazar/.local/share/nvim/mason/packages/lua-language-server/libexec/meta/3rd/luv/library/uv_req_t.lua
[10:50:21.194][info] [#0:script/workspace/loading.lua:100]: Preload file at: file:///home/eleazar/.local/share/nvim/mason/packages/lua-language-server/libexec/meta/3rd/luv/library/uv_fs_poll_t.lua , size = 1.140 KB
[10:50:21.195][info] [#0:script/workspace/loading.lua:112]: ++++As library of:	file:///home/eleazar/.local/share/nvim/mason/packages/lua-language-server/libexec/meta/3rd/luv/library
[10:50:21.195][info] [#0:script/workspace/loading.lua:97]: Skip loaded file: file:///home/eleazar/.local/share/nvim/mason/packages/lua-language-server/libexec/meta/3rd/luv/library/uv_fs_poll_t.lua
[10:50:21.195][info] [#0:script/workspace/loading.lua:100]: Preload file at: file:///home/eleazar/.local/share/nvim/mason/packages/lua-language-server/libexec/meta/3rd/luv/library/uv_pipe_t.lua , size = 2.988 KB
[10:50:21.196][info] [#0:script/workspace/loading.lua:112]: ++++As library of:	file:///home/eleazar/.local/share/nvim/mason/packages/lua-language-server/libexec/meta/3rd/luv/library
[10:50:21.196][info] [#0:script/workspace/loading.lua:97]: Skip loaded file: file:///home/eleazar/.local/share/nvim/mason/packages/lua-language-server/libexec/meta/3rd/luv/library/uv_pipe_t.lua
[10:50:21.196][info] [#0:script/workspace/loading.lua:100]: Preload file at: file:///home/eleazar/.local/share/nvim/mason/packages/lua-language-server/libexec/meta/3rd/luv/library/uv_idle_t.lua , size = 1.074 KB
[10:50:21.197][info] [#0:script/workspace/loading.lua:112]: ++++As library of:	file:///home/eleazar/.local/share/nvim/mason/packages/lua-language-server/libexec/meta/3rd/luv/library
[10:50:21.197][info] [#0:script/workspace/loading.lua:97]: Skip loaded file: file:///home/eleazar/.local/share/nvim/mason/packages/lua-language-server/libexec/meta/3rd/luv/library/uv_idle_t.lua
[10:50:21.197][info] [#0:script/workspace/loading.lua:100]: Preload file at: file:///home/eleazar/.local/share/nvim/mason/packages/lua-language-server/libexec/meta/LuaJIT%20en-us%20utf8/jit/profile.lua , size = 0.348 KB
[10:50:21.197][info] [#0:script/workspace/loading.lua:112]: ++++As library of:	file:///home/eleazar/.local/share/nvim/mason/packages/lua-language-server/libexec/meta/LuaJIT%20en-us%20utf8/jit/profile.lua
[10:50:21.197][info] [#0:script/workspace/loading.lua:97]: Skip loaded file: file:///home/eleazar/.local/share/nvim/mason/packages/lua-language-server/libexec/meta/LuaJIT%20en-us%20utf8/jit/profile.lua
[10:50:21.197][info] [#0:script/workspace/loading.lua:100]: Preload file at: file:///home/eleazar/.local/share/nvim/mason/packages/lua-language-server/libexec/meta/LuaJIT%20en-us%20utf8/bit.lua , size = 1.243 KB
[10:50:21.198][info] [#0:script/workspace/loading.lua:112]: ++++As library of:	file:///home/eleazar/.local/share/nvim/mason/packages/lua-language-server/libexec/meta/LuaJIT%20en-us%20utf8/bit.lua
[10:50:21.198][info] [#0:script/workspace/loading.lua:97]: Skip loaded file: file:///home/eleazar/.local/share/nvim/mason/packages/lua-language-server/libexec/meta/LuaJIT%20en-us%20utf8/bit.lua
[10:50:21.198][info] [#0:script/workspace/loading.lua:100]: Preload file at: file:///home/eleazar/.local/share/nvim/mason/packages/lua-language-server/libexec/meta/LuaJIT%20en-us%20utf8/math.lua , size = 8.035 KB
[10:50:21.201][info] [#0:script/workspace/loading.lua:112]: ++++As library of:	file:///home/eleazar/.local/share/nvim/mason/packages/lua-language-server/libexec/meta/LuaJIT%20en-us%20utf8/math.lua
[10:50:21.201][info] [#0:script/workspace/loading.lua:97]: Skip loaded file: file:///home/eleazar/.local/share/nvim/mason/packages/lua-language-server/libexec/meta/LuaJIT%20en-us%20utf8/math.lua
[10:50:21.201][info] [#0:script/workspace/loading.lua:100]: Preload file at: file:///home/eleazar/.local/share/nvim/mason/packages/lua-language-server/libexec/meta/LuaJIT%20en-us%20utf8/ffi.lua , size = 2.529 KB
[10:50:21.203][info] [#0:script/workspace/loading.lua:112]: ++++As library of:	file:///home/eleazar/.local/share/nvim/mason/packages/lua-language-server/libexec/meta/LuaJIT%20en-us%20utf8/ffi.lua
[10:50:21.203][info] [#0:script/workspace/loading.lua:97]: Skip loaded file: file:///home/eleazar/.local/share/nvim/mason/packages/lua-language-server/libexec/meta/LuaJIT%20en-us%20utf8/ffi.lua
[10:50:21.204][info] [#0:script/workspace/loading.lua:100]: Preload file at: file:///home/eleazar/.local/share/nvim/lazy/ui/nvchad_types/all_hl_groups.lua , size = 113.202 KB
[10:50:21.238][info] [#0:script/workspace/loading.lua:112]: ++++As library of:	file:///home/eleazar/.local/share/nvim/lazy/ui/nvchad_types
[10:50:21.238][info] [#0:script/workspace/loading.lua:97]: Skip loaded file: file:///home/eleazar/.local/share/nvim/lazy/ui/nvchad_types/all_hl_groups.lua
[10:50:21.238][info] [#0:script/workspace/loading.lua:100]: Preload file at: file:///home/eleazar/.local/share/nvim/lazy/ui/nvchad_types/base46.lua , size = 6.189 KB
[10:50:21.240][info] [#0:script/workspace/loading.lua:112]: ++++As library of:	file:///home/eleazar/.local/share/nvim/lazy/ui/nvchad_types
[10:50:21.240][info] [#0:script/workspace/loading.lua:97]: Skip loaded file: file:///home/eleazar/.local/share/nvim/lazy/ui/nvchad_types/base46.lua
[10:50:21.240][info] [#0:script/workspace/loading.lua:100]: Preload file at: file:///home/eleazar/.local/share/nvim/lazy/ui/nvchad_types/chadrc.lua , size = 5.968 KB
[10:50:21.243][info] [#0:script/workspace/loading.lua:112]: ++++As library of:	file:///home/eleazar/.local/share/nvim/lazy/ui/nvchad_types
[10:50:21.243][info] [#0:script/workspace/loading.lua:97]: Skip loaded file: file:///home/eleazar/.local/share/nvim/lazy/ui/nvchad_types/chadrc.lua
[10:50:21.243][info] [#0:script/workspace/loading.lua:100]: Preload file at: file:///home/eleazar/.local/share/nvim/lazy/ui/nvchad_types/keymaps.lua , size = 1.461 KB
[10:50:21.243][info] [#0:script/workspace/loading.lua:112]: ++++As library of:	file:///home/eleazar/.local/share/nvim/lazy/ui/nvchad_types
[10:50:21.243][info] [#0:script/workspace/loading.lua:97]: Skip loaded file: file:///home/eleazar/.local/share/nvim/lazy/ui/nvchad_types/keymaps.lua
[10:50:21.244][info] [#0:script/workspace/loading.lua:100]: Preload file at: file:///home/eleazar/.local/share/nvim/lazy/ui/nvchad_types/plugins.lua , size = 5.781 KB
[10:50:21.245][info] [#0:script/workspace/loading.lua:112]: ++++As library of:	file:///home/eleazar/.local/share/nvim/lazy/ui/nvchad_types
[10:50:21.245][info] [#0:script/workspace/loading.lua:97]: Skip loaded file: file:///home/eleazar/.local/share/nvim/lazy/ui/nvchad_types/plugins.lua
[10:50:21.245][info] [#0:script/workspace/loading.lua:100]: Preload file at: file:///home/eleazar/.local/share/nvim/lazy/ui/nvchad_types/themes.lua , size = 8.094 KB
[10:50:21.248][info] [#0:script/workspace/loading.lua:112]: ++++As library of:	file:///home/eleazar/.local/share/nvim/lazy/ui/nvchad_types
[10:50:21.248][info] [#0:script/workspace/loading.lua:97]: Skip loaded file: file:///home/eleazar/.local/share/nvim/lazy/ui/nvchad_types/themes.lua
[10:50:21.248][info] [#0:script/workspace/loading.lua:100]: Preload file at: file:///home/eleazar/.local/share/nvim/mason/packages/lua-language-server/libexec/meta/LuaJIT%20en-us%20utf8/string.lua , size = 6.371 KB
[10:50:21.251][info] [#0:script/workspace/loading.lua:112]: ++++As library of:	file:///home/eleazar/.local/share/nvim/mason/packages/lua-language-server/libexec/meta/LuaJIT%20en-us%20utf8/string.lua
[10:50:21.251][info] [#0:script/workspace/loading.lua:97]: Skip loaded file: file:///home/eleazar/.local/share/nvim/mason/packages/lua-language-server/libexec/meta/LuaJIT%20en-us%20utf8/string.lua
[10:50:21.251][info] [#0:script/workspace/loading.lua:100]: Preload file at: file:///home/eleazar/.local/share/nvim/lazy/lazy.nvim/lua/lazy/async.lua , size = 4.302 KB
[10:50:21.254][info] [#0:script/workspace/loading.lua:112]: ++++As library of:	file:///home/eleazar/.local/share/nvim/lazy/lazy.nvim/lua/lazy
[10:50:21.254][info] [#0:script/workspace/loading.lua:97]: Skip loaded file: file:///home/eleazar/.local/share/nvim/lazy/lazy.nvim/lua/lazy/async.lua
[10:50:21.254][info] [#0:script/workspace/loading.lua:100]: Preload file at: file:///home/eleazar/.local/share/nvim/lazy/lazy.nvim/lua/lazy/build.lua , size = 4.072 KB
[10:50:21.257][info] [#0:script/workspace/loading.lua:112]: ++++As library of:	file:///home/eleazar/.local/share/nvim/lazy/lazy.nvim/lua/lazy
[10:50:21.257][info] [#0:script/workspace/loading.lua:97]: Skip loaded file: file:///home/eleazar/.local/share/nvim/lazy/lazy.nvim/lua/lazy/build.lua
[10:50:21.257][info] [#0:script/workspace/loading.lua:100]: Preload file at: file:///home/eleazar/.local/share/nvim/lazy/lazy.nvim/lua/lazy/community/init.lua , size = 0.511 KB
[10:50:21.257][info] [#0:script/workspace/loading.lua:112]: ++++As library of:	file:///home/eleazar/.local/share/nvim/lazy/lazy.nvim/lua/lazy
[10:50:21.257][info] [#0:script/workspace/loading.lua:97]: Skip loaded file: file:///home/eleazar/.local/share/nvim/lazy/lazy.nvim/lua/lazy/community/init.lua
[10:50:21.257][info] [#0:script/workspace/loading.lua:100]: Preload file at: file:///home/eleazar/.local/share/nvim/lazy/lazy.nvim/lua/lazy/community/specs.lua , size = 0.115 KB
[10:50:21.258][info] [#0:script/workspace/loading.lua:112]: ++++As library of:	file:///home/eleazar/.local/share/nvim/lazy/lazy.nvim/lua/lazy
[10:50:21.258][info] [#0:script/workspace/loading.lua:97]: Skip loaded file: file:///home/eleazar/.local/share/nvim/lazy/lazy.nvim/lua/lazy/community/specs.lua
[10:50:21.262][info] [#0:script/workspace/loading.lua:100]: Preload file at: file:///home/eleazar/.local/share/nvim/lazy/lazy.nvim/lua/lazy/community/_generated.lua , size = 69.977 KB
[10:50:21.277][info] [#0:script/workspace/loading.lua:112]: ++++As library of:	file:///home/eleazar/.local/share/nvim/lazy/lazy.nvim/lua/lazy
[10:50:21.277][info] [#0:script/workspace/loading.lua:97]: Skip loaded file: file:///home/eleazar/.local/share/nvim/lazy/lazy.nvim/lua/lazy/community/_generated.lua
[10:50:21.277][info] [#0:script/workspace/loading.lua:100]: Preload file at: file:///home/eleazar/.local/share/nvim/lazy/lazy.nvim/lua/lazy/core/cache.lua , size = 16.584 KB
[10:50:21.285][info] [#0:script/workspace/loading.lua:112]: ++++As library of:	file:///home/eleazar/.local/share/nvim/lazy/lazy.nvim/lua/lazy
[10:50:21.285][info] [#0:script/workspace/loading.lua:97]: Skip loaded file: file:///home/eleazar/.local/share/nvim/lazy/lazy.nvim/lua/lazy/core/cache.lua
[10:50:21.285][info] [#0:script/workspace/loading.lua:100]: Preload file at: file:///home/eleazar/.local/share/nvim/lazy/lazy.nvim/lua/lazy/core/config.lua , size = 12.009 KB
[10:50:21.289][info] [#0:script/workspace/loading.lua:112]: ++++As library of:	file:///home/eleazar/.local/share/nvim/lazy/lazy.nvim/lua/lazy
[10:50:21.289][info] [#0:script/workspace/loading.lua:97]: Skip loaded file: file:///home/eleazar/.local/share/nvim/lazy/lazy.nvim/lua/lazy/core/config.lua
[10:50:21.289][info] [#0:script/workspace/loading.lua:100]: Preload file at: file:///home/eleazar/.local/share/nvim/lazy/lazy.nvim/lua/lazy/core/fragments.lua , size = 4.215 KB
[10:50:21.292][info] [#0:script/workspace/loading.lua:112]: ++++As library of:	file:///home/eleazar/.local/share/nvim/lazy/lazy.nvim/lua/lazy
[10:50:21.292][info] [#0:script/workspace/loading.lua:97]: Skip loaded file: file:///home/eleazar/.local/share/nvim/lazy/lazy.nvim/lua/lazy/core/fragments.lua
[10:50:21.292][info] [#0:script/workspace/loading.lua:100]: Preload file at: file:///home/eleazar/.local/share/nvim/lazy/lazy.nvim/lua/lazy/core/handler/cmd.lua , size = 1.638 KB
[10:50:21.293][info] [#0:script/workspace/loading.lua:112]: ++++As library of:	file:///home/eleazar/.local/share/nvim/lazy/lazy.nvim/lua/lazy
[10:50:21.293][info] [#0:script/workspace/loading.lua:97]: Skip loaded file: file:///home/eleazar/.local/share/nvim/lazy/lazy.nvim/lua/lazy/core/handler/cmd.lua
[10:50:21.293][info] [#0:script/workspace/loading.lua:100]: Preload file at: file:///home/eleazar/.local/share/nvim/lazy/lazy.nvim/lua/lazy/core/handler/event.lua , size = 4.956 KB
[10:50:21.296][info] [#0:script/workspace/loading.lua:112]: ++++As library of:	file:///home/eleazar/.local/share/nvim/lazy/lazy.nvim/lua/lazy
[10:50:21.296][info] [#0:script/workspace/loading.lua:97]: Skip loaded file: file:///home/eleazar/.local/share/nvim/lazy/lazy.nvim/lua/lazy/core/handler/event.lua
[10:50:21.296][info] [#0:script/workspace/loading.lua:100]: Preload file at: file:///home/eleazar/.local/share/nvim/lazy/lazy.nvim/lua/lazy/core/handler/ft.lua , size = 0.442 KB
[10:50:21.296][info] [#0:script/workspace/loading.lua:112]: ++++As library of:	file:///home/eleazar/.local/share/nvim/lazy/lazy.nvim/lua/lazy
[10:50:21.296][info] [#0:script/workspace/loading.lua:97]: Skip loaded file: file:///home/eleazar/.local/share/nvim/lazy/lazy.nvim/lua/lazy/core/handler/ft.lua
[10:50:21.296][info] [#0:script/workspace/loading.lua:100]: Preload file at: file:///home/eleazar/.local/share/nvim/lazy/lazy.nvim/lua/lazy/core/handler/init.lua , size = 3.170 KB
[10:50:21.299][info] [#0:script/workspace/loading.lua:112]: ++++As library of:	file:///home/eleazar/.local/share/nvim/lazy/lazy.nvim/lua/lazy
[10:50:21.299][info] [#0:script/workspace/loading.lua:97]: Skip loaded file: file:///home/eleazar/.local/share/nvim/lazy/lazy.nvim/lua/lazy/core/handler/init.lua
[10:50:21.299][info] [#0:script/workspace/loading.lua:100]: Preload file at: file:///home/eleazar/.local/share/nvim/lazy/lazy.nvim/lua/lazy/core/handler/keys.lua , size = 5.302 KB
[10:50:21.302][info] [#0:script/workspace/loading.lua:112]: ++++As library of:	file:///home/eleazar/.local/share/nvim/lazy/lazy.nvim/lua/lazy
[10:50:21.302][info] [#0:script/workspace/loading.lua:97]: Skip loaded file: file:///home/eleazar/.local/share/nvim/lazy/lazy.nvim/lua/lazy/core/handler/keys.lua
[10:50:21.302][info] [#0:script/workspace/loading.lua:100]: Preload file at: file:///home/eleazar/.local/share/nvim/lazy/lazy.nvim/lua/lazy/core/loader.lua , size = 14.966 KB
[10:50:21.309][info] [#0:script/workspace/loading.lua:112]: ++++As library of:	file:///home/eleazar/.local/share/nvim/lazy/lazy.nvim/lua/lazy
[10:50:21.309][info] [#0:script/workspace/loading.lua:97]: Skip loaded file: file:///home/eleazar/.local/share/nvim/lazy/lazy.nvim/lua/lazy/core/loader.lua
[10:50:21.309][info] [#0:script/workspace/loading.lua:100]: Preload file at: file:///home/eleazar/.local/share/nvim/lazy/lazy.nvim/lua/lazy/core/meta.lua , size = 9.738 KB
[10:50:21.314][info] [#0:script/workspace/loading.lua:112]: ++++As library of:	file:///home/eleazar/.local/share/nvim/lazy/lazy.nvim/lua/lazy
[10:50:21.314][info] [#0:script/workspace/loading.lua:97]: Skip loaded file: file:///home/eleazar/.local/share/nvim/lazy/lazy.nvim/lua/lazy/core/meta.lua
[10:50:21.314][info] [#0:script/workspace/loading.lua:100]: Preload file at: file:///home/eleazar/.local/share/nvim/lazy/lazy.nvim/lua/lazy/core/plugin.lua , size = 12.541 KB
[10:50:21.321][info] [#0:script/workspace/loading.lua:112]: ++++As library of:	file:///home/eleazar/.local/share/nvim/lazy/lazy.nvim/lua/lazy
[10:50:21.321][info] [#0:script/workspace/loading.lua:97]: Skip loaded file: file:///home/eleazar/.local/share/nvim/lazy/lazy.nvim/lua/lazy/core/plugin.lua
[10:50:21.321][info] [#0:script/workspace/loading.lua:100]: Preload file at: file:///home/eleazar/.local/share/nvim/lazy/lazy.nvim/lua/lazy/core/util.lua , size = 12.348 KB
[10:50:21.329][info] [#0:script/workspace/loading.lua:112]: ++++As library of:	file:///home/eleazar/.local/share/nvim/lazy/lazy.nvim/lua/lazy
[10:50:21.329][info] [#0:script/workspace/loading.lua:97]: Skip loaded file: file:///home/eleazar/.local/share/nvim/lazy/lazy.nvim/lua/lazy/core/util.lua
[10:50:21.329][info] [#0:script/workspace/loading.lua:100]: Preload file at: file:///home/eleazar/.local/share/nvim/lazy/lazy.nvim/lua/lazy/docs.lua , size = 4.920 KB
[10:50:21.331][info] [#0:script/workspace/loading.lua:112]: ++++As library of:	file:///home/eleazar/.local/share/nvim/lazy/lazy.nvim/lua/lazy
[10:50:21.331][info] [#0:script/workspace/loading.lua:97]: Skip loaded file: file:///home/eleazar/.local/share/nvim/lazy/lazy.nvim/lua/lazy/docs.lua
[10:50:21.332][info] [#0:script/workspace/loading.lua:100]: Preload file at: file:///home/eleazar/.local/share/nvim/lazy/lazy.nvim/lua/lazy/example.lua , size = 2.644 KB
[10:50:21.332][info] [#0:script/workspace/loading.lua:112]: ++++As library of:	file:///home/eleazar/.local/share/nvim/lazy/lazy.nvim/lua/lazy
[10:50:21.332][info] [#0:script/workspace/loading.lua:97]: Skip loaded file: file:///home/eleazar/.local/share/nvim/lazy/lazy.nvim/lua/lazy/example.lua
[10:50:21.332][info] [#0:script/workspace/loading.lua:100]: Preload file at: file:///home/eleazar/.local/share/nvim/lazy/lazy.nvim/lua/lazy/health.lua , size = 5.792 KB
[10:50:21.335][info] [#0:script/workspace/loading.lua:112]: ++++As library of:	file:///home/eleazar/.local/share/nvim/lazy/lazy.nvim/lua/lazy
[10:50:21.335][info] [#0:script/workspace/loading.lua:97]: Skip loaded file: file:///home/eleazar/.local/share/nvim/lazy/lazy.nvim/lua/lazy/health.lua
[10:50:21.335][info] [#0:script/workspace/loading.lua:100]: Preload file at: file:///home/eleazar/.local/share/nvim/lazy/lazy.nvim/lua/lazy/help.lua , size = 2.216 KB
[10:50:21.337][info] [#0:script/workspace/loading.lua:112]: ++++As library of:	file:///home/eleazar/.local/share/nvim/lazy/lazy.nvim/lua/lazy
[10:50:21.337][info] [#0:script/workspace/loading.lua:97]: Skip loaded file: file:///home/eleazar/.local/share/nvim/lazy/lazy.nvim/lua/lazy/help.lua
[10:50:21.337][info] [#0:script/workspace/loading.lua:100]: Preload file at: file:///home/eleazar/.local/share/nvim/lazy/lazy.nvim/lua/lazy/init.lua , size = 3.749 KB
[10:50:21.339][info] [#0:script/workspace/loading.lua:112]: ++++As library of:	file:///home/eleazar/.local/share/nvim/lazy/lazy.nvim/lua/lazy
[10:50:21.339][info] [#0:script/workspace/loading.lua:97]: Skip loaded file: file:///home/eleazar/.local/share/nvim/lazy/lazy.nvim/lua/lazy/init.lua
[10:50:21.339][info] [#0:script/workspace/loading.lua:100]: Preload file at: file:///home/eleazar/.local/share/nvim/lazy/lazy.nvim/lua/lazy/manage/checker.lua , size = 2.479 KB
[10:50:21.341][info] [#0:script/workspace/loading.lua:112]: ++++As library of:	file:///home/eleazar/.local/share/nvim/lazy/lazy.nvim/lua/lazy
[10:50:21.341][info] [#0:script/workspace/loading.lua:97]: Skip loaded file: file:///home/eleazar/.local/share/nvim/lazy/lazy.nvim/lua/lazy/manage/checker.lua
[10:50:21.341][info] [#0:script/workspace/loading.lua:100]: Preload file at: file:///home/eleazar/.local/share/nvim/lazy/lazy.nvim/lua/lazy/manage/git.lua , size = 6.279 KB
[10:50:21.344][info] [#0:script/workspace/loading.lua:112]: ++++As library of:	file:///home/eleazar/.local/share/nvim/lazy/lazy.nvim/lua/lazy
[10:50:21.344][info] [#0:script/workspace/loading.lua:97]: Skip loaded file: file:///home/eleazar/.local/share/nvim/lazy/lazy.nvim/lua/lazy/manage/git.lua
[10:50:21.344][info] [#0:script/workspace/loading.lua:100]: Preload file at: file:///home/eleazar/.local/share/nvim/lazy/lazy.nvim/lua/lazy/manage/init.lua , size = 5.940 KB
[10:50:21.347][info] [#0:script/workspace/loading.lua:112]: ++++As library of:	file:///home/eleazar/.local/share/nvim/lazy/lazy.nvim/lua/lazy
[10:50:21.347][info] [#0:script/workspace/loading.lua:97]: Skip loaded file: file:///home/eleazar/.local/share/nvim/lazy/lazy.nvim/lua/lazy/manage/init.lua
[10:50:21.347][info] [#0:script/workspace/loading.lua:100]: Preload file at: file:///home/eleazar/.local/share/nvim/lazy/lazy.nvim/lua/lazy/manage/lock.lua , size = 1.668 KB
[10:50:21.349][info] [#0:script/workspace/loading.lua:112]: ++++As library of:	file:///home/eleazar/.local/share/nvim/lazy/lazy.nvim/lua/lazy
[10:50:21.349][info] [#0:script/workspace/loading.lua:97]: Skip loaded file: file:///home/eleazar/.local/share/nvim/lazy/lazy.nvim/lua/lazy/manage/lock.lua
[10:50:21.349][info] [#0:script/workspace/loading.lua:100]: Preload file at: file:///home/eleazar/.local/share/nvim/lazy/lazy.nvim/lua/lazy/manage/process.lua , size = 5.447 KB
[10:50:21.352][info] [#0:script/workspace/loading.lua:112]: ++++As library of:	file:///home/eleazar/.local/share/nvim/lazy/lazy.nvim/lua/lazy
[10:50:21.352][info] [#0:script/workspace/loading.lua:97]: Skip loaded file: file:///home/eleazar/.local/share/nvim/lazy/lazy.nvim/lua/lazy/manage/process.lua
[10:50:21.352][info] [#0:script/workspace/loading.lua:100]: Preload file at: file:///home/eleazar/.local/share/nvim/lazy/lazy.nvim/lua/lazy/manage/reloader.lua , size = 2.817 KB
[10:50:21.354][info] [#0:script/workspace/loading.lua:112]: ++++As library of:	file:///home/eleazar/.local/share/nvim/lazy/lazy.nvim/lua/lazy
[10:50:21.354][info] [#0:script/workspace/loading.lua:97]: Skip loaded file: file:///home/eleazar/.local/share/nvim/lazy/lazy.nvim/lua/lazy/manage/reloader.lua
[10:50:21.354][info] [#0:script/workspace/loading.lua:100]: Preload file at: file:///home/eleazar/.local/share/nvim/lazy/lazy.nvim/lua/lazy/manage/runner.lua , size = 4.847 KB
[10:50:21.357][info] [#0:script/workspace/loading.lua:112]: ++++As library of:	file:///home/eleazar/.local/share/nvim/lazy/lazy.nvim/lua/lazy
[10:50:21.357][info] [#0:script/workspace/loading.lua:97]: Skip loaded file: file:///home/eleazar/.local/share/nvim/lazy/lazy.nvim/lua/lazy/manage/runner.lua
[10:50:21.357][info] [#0:script/workspace/loading.lua:100]: Preload file at: file:///home/eleazar/.local/share/nvim/lazy/lazy.nvim/lua/lazy/manage/semver.lua , size = 4.455 KB
[10:50:21.360][info] [#0:script/workspace/loading.lua:112]: ++++As library of:	file:///home/eleazar/.local/share/nvim/lazy/lazy.nvim/lua/lazy
[10:50:21.360][info] [#0:script/workspace/loading.lua:97]: Skip loaded file: file:///home/eleazar/.local/share/nvim/lazy/lazy.nvim/lua/lazy/manage/semver.lua
[10:50:21.360][info] [#0:script/workspace/loading.lua:100]: Preload file at: file:///home/eleazar/.local/share/nvim/lazy/lazy.nvim/lua/lazy/manage/task/fs.lua , size = 1.009 KB
[10:50:21.361][info] [#0:script/workspace/loading.lua:112]: ++++As library of:	file:///home/eleazar/.local/share/nvim/lazy/lazy.nvim/lua/lazy
[10:50:21.361][info] [#0:script/workspace/loading.lua:97]: Skip loaded file: file:///home/eleazar/.local/share/nvim/lazy/lazy.nvim/lua/lazy/manage/task/fs.lua
[10:50:21.361][info] [#0:script/workspace/loading.lua:100]: Preload file at: file:///home/eleazar/.local/share/nvim/lazy/lazy.nvim/lua/lazy/manage/task/git.lua , size = 10.135 KB
[10:50:21.366][info] [#0:script/workspace/loading.lua:112]: ++++As library of:	file:///home/eleazar/.local/share/nvim/lazy/lazy.nvim/lua/lazy
[10:50:21.366][info] [#0:script/workspace/loading.lua:97]: Skip loaded file: file:///home/eleazar/.local/share/nvim/lazy/lazy.nvim/lua/lazy/manage/task/git.lua
[10:50:21.366][info] [#0:script/workspace/loading.lua:100]: Preload file at: file:///home/eleazar/.local/share/nvim/lazy/lazy.nvim/lua/lazy/manage/task/init.lua , size = 5.805 KB
[10:50:21.370][info] [#0:script/workspace/loading.lua:112]: ++++As library of:	file:///home/eleazar/.local/share/nvim/lazy/lazy.nvim/lua/lazy
[10:50:21.370][info] [#0:script/workspace/loading.lua:97]: Skip loaded file: file:///home/eleazar/.local/share/nvim/lazy/lazy.nvim/lua/lazy/manage/task/init.lua
[10:50:21.370][info] [#0:script/workspace/loading.lua:100]: Preload file at: file:///home/eleazar/.local/share/nvim/lazy/lazy.nvim/lua/lazy/manage/task/plugin.lua , size = 2.765 KB
[10:50:21.372][info] [#0:script/workspace/loading.lua:112]: ++++As library of:	file:///home/eleazar/.local/share/nvim/lazy/lazy.nvim/lua/lazy
[10:50:21.372][info] [#0:script/workspace/loading.lua:88]: Skip loaded file: file:///home/eleazar/.local/share/nvim/lazy/lazy.nvim/lua/lazy/manage/task/plugin.lua
[10:50:21.372][info] [#0:script/workspace/loading.lua:112]: ++++As library of:	file:///home/eleazar/.local/share/nvim/lazy/lazy.nvim/lua/lazy
[10:50:21.372][info] [#0:script/workspace/loading.lua:100]: Preload file at: file:///home/eleazar/.local/share/nvim/lazy/lazy.nvim/lua/lazy/minit.lua , size = 5.172 KB
[10:50:21.375][info] [#0:script/workspace/loading.lua:112]: ++++As library of:	file:///home/eleazar/.local/share/nvim/lazy/lazy.nvim/lua/lazy
[10:50:21.375][info] [#0:script/workspace/loading.lua:97]: Skip loaded file: file:///home/eleazar/.local/share/nvim/lazy/lazy.nvim/lua/lazy/minit.lua
[10:50:21.375][info] [#0:script/workspace/loading.lua:100]: Preload file at: file:///home/eleazar/.local/share/nvim/lazy/lazy.nvim/lua/lazy/pkg/init.lua , size = 3.186 KB
[10:50:21.377][info] [#0:script/workspace/loading.lua:112]: ++++As library of:	file:///home/eleazar/.local/share/nvim/lazy/lazy.nvim/lua/lazy
[10:50:21.377][info] [#0:script/workspace/loading.lua:97]: Skip loaded file: file:///home/eleazar/.local/share/nvim/lazy/lazy.nvim/lua/lazy/pkg/init.lua
[10:50:21.377][info] [#0:script/workspace/loading.lua:100]: Preload file at: file:///home/eleazar/.local/share/nvim/lazy/lazy.nvim/lua/lazy/pkg/lazy.lua , size = 0.720 KB
[10:50:21.378][info] [#0:script/workspace/loading.lua:112]: ++++As library of:	file:///home/eleazar/.local/share/nvim/lazy/lazy.nvim/lua/lazy
[10:50:21.378][info] [#0:script/workspace/loading.lua:97]: Skip loaded file: file:///home/eleazar/.local/share/nvim/lazy/lazy.nvim/lua/lazy/pkg/lazy.lua
[10:50:21.378][info] [#0:script/workspace/loading.lua:100]: Preload file at: file:///home/eleazar/.local/share/nvim/lazy/lazy.nvim/lua/lazy/pkg/packspec.lua , size = 1.137 KB
[10:50:21.379][info] [#0:script/workspace/loading.lua:112]: ++++As library of:	file:///home/eleazar/.local/share/nvim/lazy/lazy.nvim/lua/lazy
[10:50:21.379][info] [#0:script/workspace/loading.lua:97]: Skip loaded file: file:///home/eleazar/.local/share/nvim/lazy/lazy.nvim/lua/lazy/pkg/packspec.lua
[10:50:21.379][info] [#0:script/workspace/loading.lua:100]: Preload file at: file:///home/eleazar/.local/share/nvim/lazy/lazy.nvim/lua/lazy/pkg/rockspec.lua , size = 8.061 KB
[10:50:21.382][info] [#0:script/workspace/loading.lua:112]: ++++As library of:	file:///home/eleazar/.local/share/nvim/lazy/lazy.nvim/lua/lazy
[10:50:21.383][info] [#0:script/workspace/loading.lua:97]: Skip loaded file: file:///home/eleazar/.local/share/nvim/lazy/lazy.nvim/lua/lazy/pkg/rockspec.lua
[10:50:21.383][info] [#0:script/workspace/loading.lua:100]: Preload file at: file:///home/eleazar/.local/share/nvim/lazy/lazy.nvim/lua/lazy/state.lua , size = 0.859 KB
[10:50:21.383][info] [#0:script/workspace/loading.lua:112]: ++++As library of:	file:///home/eleazar/.local/share/nvim/lazy/lazy.nvim/lua/lazy
[10:50:21.383][info] [#0:script/workspace/loading.lua:97]: Skip loaded file: file:///home/eleazar/.local/share/nvim/lazy/lazy.nvim/lua/lazy/state.lua
[10:50:21.383][info] [#0:script/workspace/loading.lua:100]: Preload file at: file:///home/eleazar/.local/share/nvim/lazy/lazy.nvim/lua/lazy/stats.lua , size = 2.215 KB
[10:50:21.384][info] [#0:script/workspace/loading.lua:112]: ++++As library of:	file:///home/eleazar/.local/share/nvim/lazy/lazy.nvim/lua/lazy
[10:50:21.384][info] [#0:script/workspace/loading.lua:97]: Skip loaded file: file:///home/eleazar/.local/share/nvim/lazy/lazy.nvim/lua/lazy/stats.lua
[10:50:21.384][info] [#0:script/workspace/loading.lua:100]: Preload file at: file:///home/eleazar/.local/share/nvim/lazy/lazy.nvim/lua/lazy/status.lua , size = 0.353 KB
[10:50:21.385][info] [#0:script/workspace/loading.lua:112]: ++++As library of:	file:///home/eleazar/.local/share/nvim/lazy/lazy.nvim/lua/lazy
[10:50:21.385][info] [#0:script/workspace/loading.lua:97]: Skip loaded file: file:///home/eleazar/.local/share/nvim/lazy/lazy.nvim/lua/lazy/status.lua
[10:50:21.385][info] [#0:script/workspace/loading.lua:100]: Preload file at: file:///home/eleazar/.local/share/nvim/lazy/lazy.nvim/lua/lazy/terminal.lua , size = 2.394 KB
[10:50:21.386][info] [#0:script/workspace/loading.lua:112]: ++++As library of:	file:///home/eleazar/.local/share/nvim/lazy/lazy.nvim/lua/lazy
[10:50:21.386][info] [#0:script/workspace/loading.lua:97]: Skip loaded file: file:///home/eleazar/.local/share/nvim/lazy/lazy.nvim/lua/lazy/terminal.lua
[10:50:21.386][info] [#0:script/workspace/loading.lua:100]: Preload file at: file:///home/eleazar/.local/share/nvim/lazy/lazy.nvim/lua/lazy/types.lua , size = 3.755 KB
[10:50:21.389][info] [#0:script/workspace/loading.lua:112]: ++++As library of:	file:///home/eleazar/.local/share/nvim/lazy/lazy.nvim/lua/lazy
[10:50:21.389][info] [#0:script/workspace/loading.lua:97]: Skip loaded file: file:///home/eleazar/.local/share/nvim/lazy/lazy.nvim/lua/lazy/types.lua
[10:50:21.389][info] [#0:script/workspace/loading.lua:100]: Preload file at: file:///home/eleazar/.local/share/nvim/lazy/lazy.nvim/lua/lazy/util.lua , size = 6.888 KB
[10:50:21.393][info] [#0:script/workspace/loading.lua:112]: ++++As library of:	file:///home/eleazar/.local/share/nvim/lazy/lazy.nvim/lua/lazy
[10:50:21.393][info] [#0:script/workspace/loading.lua:97]: Skip loaded file: file:///home/eleazar/.local/share/nvim/lazy/lazy.nvim/lua/lazy/util.lua
[10:50:21.393][info] [#0:script/workspace/loading.lua:100]: Preload file at: file:///home/eleazar/.local/share/nvim/lazy/lazy.nvim/lua/lazy/view/colors.lua , size = 1.820 KB
[10:50:21.394][info] [#0:script/workspace/loading.lua:112]: ++++As library of:	file:///home/eleazar/.local/share/nvim/lazy/lazy.nvim/lua/lazy
[10:50:21.394][info] [#0:script/workspace/loading.lua:97]: Skip loaded file: file:///home/eleazar/.local/share/nvim/lazy/lazy.nvim/lua/lazy/view/colors.lua
[10:50:21.394][info] [#0:script/workspace/loading.lua:100]: Preload file at: file:///home/eleazar/.local/share/nvim/lazy/lazy.nvim/lua/lazy/view/commands.lua , size = 3.899 KB
[10:50:21.396][info] [#0:script/workspace/loading.lua:112]: ++++As library of:	file:///home/eleazar/.local/share/nvim/lazy/lazy.nvim/lua/lazy
[10:50:21.396][info] [#0:script/workspace/loading.lua:97]: Skip loaded file: file:///home/eleazar/.local/share/nvim/lazy/lazy.nvim/lua/lazy/view/commands.lua
[10:50:21.396][info] [#0:script/workspace/loading.lua:100]: Preload file at: file:///home/eleazar/.local/share/nvim/lazy/lazy.nvim/lua/lazy/view/config.lua , size = 3.507 KB
[10:50:21.398][info] [#0:script/workspace/loading.lua:112]: ++++As library of:	file:///home/eleazar/.local/share/nvim/lazy/lazy.nvim/lua/lazy
[10:50:21.398][info] [#0:script/workspace/loading.lua:97]: Skip loaded file: file:///home/eleazar/.local/share/nvim/lazy/lazy.nvim/lua/lazy/view/config.lua
[10:50:21.398][info] [#0:script/workspace/loading.lua:100]: Preload file at: file:///home/eleazar/.local/share/nvim/lazy/lazy.nvim/lua/lazy/view/diff.lua , size = 1.585 KB
[10:50:21.399][info] [#0:script/workspace/loading.lua:112]: ++++As library of:	file:///home/eleazar/.local/share/nvim/lazy/lazy.nvim/lua/lazy
[10:50:21.399][info] [#0:script/workspace/loading.lua:97]: Skip loaded file: file:///home/eleazar/.local/share/nvim/lazy/lazy.nvim/lua/lazy/view/diff.lua
[10:50:21.399][info] [#0:script/workspace/loading.lua:100]: Preload file at: file:///home/eleazar/.local/share/nvim/lazy/lazy.nvim/lua/lazy/view/float.lua , size = 9.536 KB
[10:50:21.405][info] [#0:script/workspace/loading.lua:112]: ++++As library of:	file:///home/eleazar/.local/share/nvim/lazy/lazy.nvim/lua/lazy
[10:50:21.405][info] [#0:script/workspace/loading.lua:97]: Skip loaded file: file:///home/eleazar/.local/share/nvim/lazy/lazy.nvim/lua/lazy/view/float.lua
[10:50:21.405][info] [#0:script/workspace/loading.lua:88]: Skip loaded file: file:///home/eleazar/.config/nvim/lua/plugins/init.lua
[10:50:21.405][info] [#0:script/workspace/loading.lua:100]: Preload file at: file:///home/eleazar/.local/share/nvim/lazy/lazy.nvim/lua/lazy/view/init.lua , size = 9.394 KB
[10:50:21.410][info] [#0:script/workspace/loading.lua:112]: ++++As library of:	file:///home/eleazar/.local/share/nvim/lazy/lazy.nvim/lua/lazy
[10:50:21.410][info] [#0:script/workspace/loading.lua:97]: Skip loaded file: file:///home/eleazar/.local/share/nvim/lazy/lazy.nvim/lua/lazy/view/init.lua
[10:50:21.410][info] [#0:script/workspace/loading.lua:100]: Preload file at: file:///home/eleazar/.local/share/nvim/lazy/lazy.nvim/lua/lazy/view/render.lua , size = 23.064 KB
[10:50:21.423][info] [#0:script/workspace/loading.lua:112]: ++++As library of:	file:///home/eleazar/.local/share/nvim/lazy/lazy.nvim/lua/lazy
[10:50:21.423][info] [#0:script/workspace/loading.lua:97]: Skip loaded file: file:///home/eleazar/.local/share/nvim/lazy/lazy.nvim/lua/lazy/view/render.lua
[10:50:21.423][info] [#0:script/workspace/loading.lua:100]: Preload file at: file:///home/eleazar/.local/share/nvim/lazy/lazy.nvim/lua/lazy/view/sections.lua , size = 2.430 KB
[10:50:21.424][info] [#0:script/workspace/loading.lua:112]: ++++As library of:	file:///home/eleazar/.local/share/nvim/lazy/lazy.nvim/lua/lazy
[10:50:21.424][info] [#0:script/workspace/loading.lua:97]: Skip loaded file: file:///home/eleazar/.local/share/nvim/lazy/lazy.nvim/lua/lazy/view/sections.lua
[10:50:21.424][info] [#0:script/workspace/loading.lua:100]: Preload file at: file:///home/eleazar/.local/share/nvim/lazy/lazy.nvim/lua/lazy/view/text.lua , size = 3.813 KB
[10:50:21.427][info] [#0:script/workspace/loading.lua:112]: ++++As library of:	file:///home/eleazar/.local/share/nvim/lazy/lazy.nvim/lua/lazy
[10:50:21.427][info] [#0:script/workspace/loading.lua:97]: Skip loaded file: file:///home/eleazar/.local/share/nvim/lazy/lazy.nvim/lua/lazy/view/text.lua
[10:50:21.427][info] [#0:script/workspace/loading.lua:100]: Preload file at: file:///home/eleazar/.local/share/nvim/mason/packages/lua-language-server/libexec/meta/LuaJIT%20en-us%20utf8/coroutine.lua , size = 2.541 KB
[10:50:21.428][info] [#0:script/workspace/loading.lua:112]: ++++As library of:	file:///home/eleazar/.local/share/nvim/mason/packages/lua-language-server/libexec/meta/LuaJIT%20en-us%20utf8/coroutine.lua
[10:50:21.428][info] [#0:script/workspace/loading.lua:97]: Skip loaded file: file:///home/eleazar/.local/share/nvim/mason/packages/lua-language-server/libexec/meta/LuaJIT%20en-us%20utf8/coroutine.lua
[10:50:21.428][info] [#0:script/workspace/loading.lua:100]: Preload file at: file:///home/eleazar/.local/share/nvim/mason/packages/lua-language-server/libexec/meta/LuaJIT%20en-us%20utf8/io.lua , size = 6.364 KB
[10:50:21.431][info] [#0:script/workspace/loading.lua:112]: ++++As library of:	file:///home/eleazar/.local/share/nvim/mason/packages/lua-language-server/libexec/meta/LuaJIT%20en-us%20utf8/io.lua
[10:50:21.431][info] [#0:script/workspace/loading.lua:97]: Skip loaded file: file:///home/eleazar/.local/share/nvim/mason/packages/lua-language-server/libexec/meta/LuaJIT%20en-us%20utf8/io.lua
[10:50:21.431][info] [#0:script/workspace/loading.lua:100]: Preload file at: file:///home/eleazar/.local/share/nvim/mason/packages/lua-language-server/libexec/meta/LuaJIT%20en-us%20utf8/table.lua , size = 5.020 KB
[10:50:21.433][info] [#0:script/workspace/loading.lua:112]: ++++As library of:	file:///home/eleazar/.local/share/nvim/mason/packages/lua-language-server/libexec/meta/LuaJIT%20en-us%20utf8/table.lua
[10:50:21.433][info] [#0:script/workspace/loading.lua:97]: Skip loaded file: file:///home/eleazar/.local/share/nvim/mason/packages/lua-language-server/libexec/meta/LuaJIT%20en-us%20utf8/table.lua
[10:50:21.433][info] [#0:script/workspace/loading.lua:100]: Preload file at: file:///home/eleazar/.config/nvim/lua/autocmds.lua , size = 0.025 KB
[10:50:21.434][info] [#0:script/workspace/loading.lua:100]: Preload file at: file:///home/eleazar/.config/nvim/lua/configs/lazy.lua , size = 0.822 KB
[10:50:21.434][info] [#0:script/workspace/loading.lua:100]: Preload file at: file:///home/eleazar/.config/nvim/lua/configs/conform.lua , size = 0.366 KB
[10:50:21.434][info] [#0:script/workspace/loading.lua:100]: Preload file at: file:///home/eleazar/.config/nvim/lua/configs/lspconfig.lua , size = 0.318 KB
[10:50:21.435][info] [#0:script/workspace/loading.lua:100]: Preload file at: file:///home/eleazar/.config/nvim/lua/mappings.lua , size = 0.778 KB
[10:50:21.435][info] [#0:script/workspace/loading.lua:100]: Preload file at: file:///home/eleazar/.config/nvim/lua/chadrc.lua , size = 0.687 KB
[10:50:21.435][info] [#0:script/workspace/loading.lua:100]: Preload file at: file:///home/eleazar/.config/nvim/lua/options.lua , size = 0.396 KB
[10:50:21.436][info] [#0:script/workspace/loading.lua:100]: Preload file at: file:///home/eleazar/.config/nvim/after/ftplugin/python.lua , size = 0.084 KB
[10:50:21.436][info] [#0:script/workspace/loading.lua:100]: Preload file at: file:///home/eleazar/.config/nvim/after/ftplugin/sh.lua , size = 0.084 KB
[10:50:21.436][info] [#0:script/workspace/loading.lua:100]: Preload file at: file:///home/eleazar/.config/nvim/init.lua , size = 1.072 KB
[10:50:21.570][info] [#0:script/workspace/loading.lua:172]: Loaded files takes [1.417] sec: <fallback>
[10:50:21.570][info] [#0:script/workspace/loading.lua:181]: Compile files takes [0.000] sec: <fallback>
[10:50:21.570][info] [#0:script/workspace/loading.lua:182]: Loaded finish:	<fallback>
[10:50:21.570][info] [#0:script/workspace/workspace.lua:389]: Preload finish at:	<fallback>
[10:50:21.585][info] [#0:script/workspace/loading.lua:172]: Loaded files takes [1.432] sec: file:///home/eleazar/.config/nvim
[10:50:21.585][info] [#0:script/workspace/loading.lua:181]: Compile files takes [0.000] sec: file:///home/eleazar/.config/nvim
[10:50:21.585][info] [#0:script/workspace/loading.lua:182]: Loaded finish:	file:///home/eleazar/.config/nvim
[10:50:21.585][info] [#0:script/workspace/workspace.lua:389]: Preload finish at:	file:///home/eleazar/.config/nvim
[10:50:21.600][warn] [#0:script/proto/proto.lua:189]: Method [textDocument/didOpen] takes [1.669]sec. {
  jsonrpc = "2.0",
  method = "textDocument/didOpen",
  params = {
    textDocument = {
      languageId = "lua",
      text = '"***"',
      uri = "file:///home/eleazar/.config/nvim/lua/plugins/init.lua",
      version = 0
    }
  }
}
[10:50:21.601][info] [#0:script/provider/diagnostic.lua:560]: Diagnostics scope [file:///home/eleazar/.config/nvim], files count:[217]
[10:50:21.602][warn] [#0:script/proto/proto.lua:189]: Method [textDocument/documentColor] takes [1.670]sec. {
  id = 2,
  jsonrpc = "2.0",
  method = "textDocument/documentColor",
  params = {
    textDocument = {
      uri = "file:///home/eleazar/.config/nvim/lua/plugins/init.lua"
    }
  }
}
[10:50:21.680][info] [#0:script/provider/diagnostic.lua:577]: Diagnostics scope [file:///home/eleazar/.config/nvim] finished, takes [0.079] sec.
[10:50:24.871][info] [#0:script/provider/diagnostic.lua:171]: clearDiagnostics	file:///home/eleazar/.config/nvim/lua/plugins/init.lua
[10:50:28.630][info] [#0:script/workspace/workspace.lua:292]: Scan files at:	file:///home/eleazar/.config/nvim/lua/plugins/init.lua
[10:50:28.630][info] [#0:script/workspace/loading.lua:160]: Load files from disk:	file:///home/eleazar/.config/nvim/lua/plugins/init.lua
[10:50:28.631][info] [#0:script/workspace/loading.lua:88]: Skip loaded file: file:///home/eleazar/.config/nvim/lua/plugins/init.lua
[10:50:28.631][info] [#0:script/workspace/loading.lua:172]: Loaded files takes [0.000] sec: file:///home/eleazar/.config/nvim/lua/plugins/init.lua
[10:50:28.631][info] [#0:script/workspace/loading.lua:181]: Compile files takes [0.000] sec: file:///home/eleazar/.config/nvim/lua/plugins/init.lua
[10:50:28.631][info] [#0:script/workspace/loading.lua:182]: Loaded finish:	file:///home/eleazar/.config/nvim/lua/plugins/init.lua
[10:50:30.960][info] [#0:script/provider/provider.lua:176]: Server shutdown.
[10:50:30.960][info] [#0:script/provider/provider.lua:176]: Server shutdown.
[10:50:30.960][warn] [#0:script/pub/report.lua:24]: Load proto error:	Disconnected!
